code_list_key,source_key,list_key,list_name,item_name,concept_name,superseded_by,source_page,data_sets,valid_from,valid_to,is_current,first_fetch_run_id,loaded_at,loaded_by,updated_at,updated_by
1,nhs_dd_cds,activity_location_type_code,activity_location_type_code,ACTIVITY LOCATION TYPE CODE,ACTIVITY LOCATION TYPE CODE,,https://www.datadictionary.nhs.uk/data_elements/activity_location_type_code.html,cds_v6-2_type_020_-_outpatient_cds;cds_v6-2_type_021_-_future_outpatient_cds;cds_v6-2_type_030_-_elective_admission_list_-_end_of_period_census_standard_cds;cds_v6-2_type_050_-_elective_admission_list_-_end_of_period_census_new_cds;cds_v6-2_type_060_-_elective_admission_list_-_event_during_period_add_cds;cds_v6-2_type_110_-_elective_admission_list_-_event_during_period_new_service_agreement_cds;cds_v6-2_type_120_-_admitted_patient_care_-_finished_birth_episode_cds;cds_v6-2_type_130_-_admitted_patient_care_-_finished_general_episode_cds;cds_v6-2_type_140_-_admitted_patient_care_-_finished_delivery_episode_cds;cds_v6-2_type_150_-_admitted_patient_care_-_other_birth_event_cds;cds_v6-2_type_160_-_admitted_patient_care_-_other_delivery_event_cds;cds_v6-2_type_170_-_admitted_patient_care_-_detained_and_or_long_term_psychiatric_census_cds;cds_v6-2_type_180_-_admitted_patient_care_-_unfinished_birth_episode_cds;cds_v6-2_type_190_-_admitted_patient_care_-_unfinished_general_episode_cds;cds_v6-2_type_200_-_admitted_patient_care_-_unfinished_delivery_episode_cds;cds_v6-3_type_020_-_outpatient_cds;cds_v6-3_type_120_-_admitted_patient_care_-_finished_birth_episode_cds;cds_v6-3_type_130_-_admitted_patient_care_-_finished_general_episode_cds;cds_v6-3_type_140_-_admitted_patient_care_-_finished_delivery_episode_cds;cds_v6-3_type_150_-_admitted_patient_care_-_other_birth_event_cds;cds_v6-3_type_160_-_admitted_patient_care_-_other_delivery_event_cds;cds_v6-3_type_180_-_admitted_patient_care_-_unfinished_birth_episode_cds;cds_v6-3_type_190_-_admitted_patient_care_-_unfinished_general_episode_cds;cds_v6-3_type_200_-_admitted_patient_care_-_unfinished_delivery_episode_cds,1900-01-01T00:00:00.000000+00:00,,true,3,2026-09-12T21:50:58.303823+00:00,databot,,
2,nhs_dd_cds,activity_treatment_function_code,treatment_function_code,ACTIVITY TREATMENT FUNCTION CODE,TREATMENT FUNCTION CODE,,https://www.datadictionary.nhs.uk/data_elements/activity_treatment_function_code.html,cds_v6-2_type_020_-_outpatient_cds;cds_v6-2_type_021_-_future_outpatient_cds;cds_v6-2_type_030_-_elective_admission_list_-_end_of_period_census_standard_cds;cds_v6-2_type_050_-_elective_admission_list_-_end_of_period_census_new_cds;cds_v6-2_type_060_-_elective_admission_list_-_event_during_period_add_cds;cds_v6-2_type_110_-_elective_admission_list_-_event_during_period_new_service_agreement_cds;cds_v6-2_type_120_-_admitted_patient_care_-_finished_birth_episode_cds;cds_v6-2_type_130_-_admitted_patient_care_-_finished_general_episode_cds;cds_v6-2_type_140_-_admitted_patient_care_-_finished_delivery_episode_cds;cds_v6-2_type_170_-_admitted_patient_care_-_detained_and_or_long_term_psychiatric_census_cds;cds_v6-2_type_180_-_admitted_patient_care_-_unfinished_birth_episode_cds;cds_v6-2_type_190_-_admitted_patient_care_-_unfinished_general_episode_cds;cds_v6-2_type_200_-_admitted_patient_care_-_unfinished_delivery_episode_cds;cds_v6-3_type_020_-_outpatient_cds;cds_v6-3_type_120_-_admitted_patient_care_-_finished_birth_episode_cds;cds_v6-3_type_130_-_admitted_patient_care_-_finished_general_episode_cds;cds_v6-3_type_140_-_admitted_patient_care_-_finished_delivery_episode_cds;cds_v6-3_type_180_-_admitted_patient_care_-_unfinished_birth_episode_cds;cds_v6-3_type_190_-_admitted_patient_care_-_unfinished_general_episode_cds;cds_v6-3_type_200_-_admitted_patient_care_-_unfinished_delivery_episode_cds,1900-01-01T00:00:00.000000+00:00,,true,3,2026-09-12T21:50:58.303823+00:00,databot,,
3,nhs_dd_cds,activity_treatment_function_code_decision_to_admit,treatment_function_code,ACTIVITY TREATMENT FUNCTION CODE (DECISION TO ADMIT),TREATMENT FUNCTION CODE,,https://www.datadictionary.nhs.uk/data_elements/activity_treatment_function_code_decision_to_admit.html,cds_v6-2-3_type_011_-_emergency_care_cds,1900-01-01T00:00:00.000000+00:00,,true,3,2026-09-12T21:50:58.303823+00:00,databot,,
4,nhs_dd_cds,administrative_category_code,administrative_category_code,ADMINISTRATIVE CATEGORY CODE,,,https://www.datadictionary.nhs.uk/data_elements/administrative_category_code.html,cds_v6-2_type_020_-_outpatient_cds;cds_v6-2_type_021_-_future_outpatient_cds;cds_v6-2_type_030_-_elective_admission_list_-_end_of_period_census_standard_cds;cds_v6-2_type_050_-_elective_admission_list_-_end_of_period_census_new_cds;cds_v6-2_type_060_-_elective_admission_list_-_event_during_period_add_cds;cds_v6-2_type_110_-_elective_admission_list_-_event_during_period_new_service_agreement_cds;cds_v6-3_type_020_-_outpatient_cds,1900-01-01T00:00:00.000000+00:00,,true,3,2026-09-12T21:50:58.303823+00:00,databot,,
5,nhs_dd_cds,administrative_category_code_on_admission,administrative_category_code,ADMINISTRATIVE CATEGORY CODE (ON ADMISSION),ADMINISTRATIVE CATEGORY CODE,,https://www.datadictionary.nhs.uk/data_elements/administrative_category_code_on_admission.html,cds_v6-2_type_120_-_admitted_patient_care_-_finished_birth_episode_cds;cds_v6-2_type_130_-_admitted_patient_care_-_finished_general_episode_cds;cds_v6-2_type_140_-_admitted_patient_care_-_finished_delivery_episode_cds;cds_v6-2_type_170_-_admitted_patient_care_-_detained_and_or_long_term_psychiatric_census_cds;cds_v6-2_type_180_-_admitted_patient_care_-_unfinished_birth_episode_cds;cds_v6-2_type_190_-_admitted_patient_care_-_unfinished_general_episode_cds;cds_v6-2_type_200_-_admitted_patient_care_-_unfinished_delivery_episode_cds;cds_v6-3_type_120_-_admitted_patient_care_-_finished_birth_episode_cds;cds_v6-3_type_130_-_admitted_patient_care_-_finished_general_episode_cds;cds_v6-3_type_140_-_admitted_patient_care_-_finished_delivery_episode_cds;cds_v6-3_type_180_-_admitted_patient_care_-_unfinished_birth_episode_cds;cds_v6-3_type_190_-_admitted_patient_care_-_unfinished_general_episode_cds;cds_v6-3_type_200_-_admitted_patient_care_-_unfinished_delivery_episode_cds,1900-01-01T00:00:00.000000+00:00,,true,3,2026-09-12T21:50:58.303823+00:00,databot,,
6,nhs_dd_cds,admission_method_code_hospital_provider_spell,admission_method,ADMISSION METHOD CODE (HOSPITAL PROVIDER SPELL),ADMISSION METHOD,METHOD OF ADMISSION (HOSPITAL PROVIDER SPELL),https://www.datadictionary.nhs.uk/data_elements/admission_method_code_hospital_provider_spell.html,cds_v6-2_type_120_-_admitted_patient_care_-_finished_birth_episode_cds;cds_v6-2_type_130_-_admitted_patient_care_-_finished_general_episode_cds;cds_v6-2_type_140_-_admitted_patient_care_-_finished_delivery_episode_cds;cds_v6-2_type_170_-_admitted_patient_care_-_detained_and_or_long_term_psychiatric_census_cds;cds_v6-2_type_180_-_admitted_patient_care_-_unfinished_birth_episode_cds;cds_v6-2_type_190_-_admitted_patient_care_-_unfinished_general_episode_cds;cds_v6-2_type_200_-_admitted_patient_care_-_unfinished_delivery_episode_cds,1900-01-01T00:00:00.000000+00:00,,true,3,2026-09-12T21:50:58.303823+00:00,databot,,
7,nhs_dd_cds,admission_offer_outcome_code,admission_offer_outcome,ADMISSION OFFER OUTCOME CODE,ADMISSION OFFER OUTCOME,,https://www.datadictionary.nhs.uk/data_elements/admission_offer_outcome_code.html,cds_v6-2_type_030_-_elective_admission_list_-_end_of_period_census_standard_cds;cds_v6-2_type_050_-_elective_admission_list_-_end_of_period_census_new_cds;cds_v6-2_type_060_-_elective_admission_list_-_event_during_period_add_cds;cds_v6-2_type_080_-_elective_admission_list_-_event_during_period_offer_cds;cds_v6-2_type_110_-_elective_admission_list_-_event_during_period_new_service_agreement_cds,1900-01-01T00:00:00.000000+00:00,,true,3,2026-09-12T21:50:58.303823+00:00,databot,,
8,nhs_dd_cds,admission_source_hospital_provider_spell,admission_source,ADMISSION SOURCE (HOSPITAL PROVIDER SPELL),ADMISSION SOURCE,ADMISSION SOURCE (HOSPITAL PROVIDER SPELL),https://www.datadictionary.nhs.uk/data_elements/admission_source_hospital_provider_spell.html,cds_v6-3_type_120_-_admitted_patient_care_-_finished_birth_episode_cds;cds_v6-3_type_130_-_admitted_patient_care_-_finished_general_episode_cds;cds_v6-3_type_140_-_admitted_patient_care_-_finished_delivery_episode_cds;cds_v6-3_type_180_-_admitted_patient_care_-_unfinished_birth_episode_cds;cds_v6-3_type_190_-_admitted_patient_care_-_unfinished_general_episode_cds;cds_v6-3_type_200_-_admitted_patient_care_-_unfinished_delivery_episode_cds,1900-01-01T00:00:00.000000+00:00,2026-09-12T21:55:57.028191+00:00,false,3,2026-09-12T21:50:58.303823+00:00,databot,2026-09-12T21:55:57.028191+00:00,databot
127,nhs_dd_cds,admission_source_hospital_provider_spell,admission_source,ADMISSION SOURCE (HOSPITAL PROVIDER SPELL),ADMISSION SOURCE,,https://www.datadictionary.nhs.uk/data_elements/admission_source_hospital_provider_spell.html,cds_v6-3_type_120_-_admitted_patient_care_-_finished_birth_episode_cds;cds_v6-3_type_130_-_admitted_patient_care_-_finished_general_episode_cds;cds_v6-3_type_140_-_admitted_patient_care_-_finished_delivery_episode_cds;cds_v6-3_type_180_-_admitted_patient_care_-_unfinished_birth_episode_cds;cds_v6-3_type_190_-_admitted_patient_care_-_unfinished_general_episode_cds;cds_v6-3_type_200_-_admitted_patient_care_-_unfinished_delivery_episode_cds,2026-09-12T21:55:57.028191+00:00,,true,4,2026-09-12T21:55:57.028191+00:00,databot,,
9,nhs_dd_cds,anaesthetic_given_during_labour_or_delivery_code,anaesthetic_given_during_labour_or_delivery_code,ANAESTHETIC GIVEN DURING LABOUR OR DELIVERY CODE,,,https://www.datadictionary.nhs.uk/data_elements/anaesthetic_given_during_labour_or_delivery_code.html,cds_v6-2_type_120_-_admitted_patient_care_-_finished_birth_episode_cds;cds_v6-2_type_140_-_admitted_patient_care_-_finished_delivery_episode_cds;cds_v6-2_type_150_-_admitted_patient_care_-_other_birth_event_cds;cds_v6-2_type_160_-_admitted_patient_care_-_other_delivery_event_cds;cds_v6-2_type_180_-_admitted_patient_care_-_unfinished_birth_episode_cds;cds_v6-2_type_200_-_admitted_patient_care_-_unfinished_delivery_episode_cds;cds_v6-3_type_120_-_admitted_patient_care_-_finished_birth_episode_cds;cds_v6-3_type_140_-_admitted_patient_care_-_finished_delivery_episode_cds;cds_v6-3_type_150_-_admitted_patient_care_-_other_birth_event_cds;cds_v6-3_type_160_-_admitted_patient_care_-_other_delivery_event_cds;cds_v6-3_type_180_-_admitted_patient_care_-_unfinished_birth_episode_cds;cds_v6-3_type_200_-_admitted_patient_care_-_unfinished_delivery_episode_cds,1900-01-01T00:00:00.000000+00:00,,true,3,2026-09-12T21:50:58.303823+00:00,databot,,
10,nhs_dd_cds,anaesthetic_given_post_labour_or_delivery_code,anaesthetic_given_post_labour_or_delivery_code,ANAESTHETIC GIVEN POST LABOUR OR DELIVERY CODE,,,https://www.datadictionary.nhs.uk/data_elements/anaesthetic_given_post_labour_or_delivery_code.html,cds_v6-2_type_120_-_admitted_patient_care_-_finished_birth_episode_cds;cds_v6-2_type_140_-_admitted_patient_care_-_finished_delivery_episode_cds;cds_v6-2_type_150_-_admitted_patient_care_-_other_birth_event_cds;cds_v6-2_type_160_-_admitted_patient_care_-_other_delivery_event_cds;cds_v6-2_type_180_-_admitted_patient_care_-_unfinished_birth_episode_cds;cds_v6-2_type_200_-_admitted_patient_care_-_unfinished_delivery_episode_cds;cds_v6-3_type_120_-_admitted_patient_care_-_finished_birth_episode_cds;cds_v6-3_type_140_-_admitted_patient_care_-_finished_delivery_episode_cds;cds_v6-3_type_150_-_admitted_patient_care_-_other_birth_event_cds;cds_v6-3_type_160_-_admitted_patient_care_-_other_delivery_event_cds;cds_v6-3_type_180_-_admitted_patient_care_-_unfinished_birth_episode_cds;cds_v6-3_type_200_-_admitted_patient_care_-_unfinished_delivery_episode_cds,1900-01-01T00:00:00.000000+00:00,,true,3,2026-09-12T21:50:58.303823+00:00,databot,,
11,nhs_dd_cds,appointment_booked_reason,appointment_booked_reason,APPOINTMENT BOOKED REASON,APPOINTMENT BOOKED REASON,,https://www.datadictionary.nhs.uk/data_elements/appointment_booked_reason.html,cds_v6-3_type_020_-_outpatient_cds,1900-01-01T00:00:00.000000+00:00,,true,3,2026-09-12T21:50:58.303823+00:00,databot,,
12,nhs_dd_cds,attendance_status,attendance_status,ATTENDANCE STATUS,ATTENDANCE STATUS,ATTENDANCE STATUS,https://www.datadictionary.nhs.uk/data_elements/attendance_status.html,cds_v6-3_type_020_-_outpatient_cds,1900-01-01T00:00:00.000000+00:00,2026-09-12T21:55:57.028191+00:00,false,3,2026-09-12T21:50:58.303823+00:00,databot,2026-09-12T21:55:57.028191+00:00,databot
128,nhs_dd_cds,attendance_status,attendance_status,ATTENDANCE STATUS,ATTENDANCE STATUS,,https://www.datadictionary.nhs.uk/data_elements/attendance_status.html,cds_v6-3_type_020_-_outpatient_cds,2026-09-12T21:55:57.028191+00:00,,true,4,2026-09-12T21:55:57.028191+00:00,databot,,
13,nhs_dd_cds,attended_or_did_not_attend_code,attended_or_did_not_attend,ATTENDED OR DID NOT ATTEND CODE,ATTENDED OR DID NOT ATTEND,ATTENDANCE STATUS,https://www.datadictionary.nhs.uk/data_elements/attended_or_did_not_attend_code.html,cds_v6-2_type_020_-_outpatient_cds;cds_v6-2_type_021_-_future_outpatient_cds,1900-01-01T00:00:00.000000+00:00,,true,3,2026-09-12T21:50:58.303823+00:00,databot,,
14,nhs_dd_cds,care_professional_discharge_responsibility_indicator_emergency_care,care_professional_discharge_responsibility_indicator_for_em,CARE PROFESSIONAL DISCHARGE RESPONSIBILITY INDICATOR (EMERGENCY CARE),CARE PROFESSIONAL DISCHARGE RESPONSIBILITY INDICATOR FOR EMERGENCY CARE,,https://www.datadictionary.nhs.uk/data_elements/care_professional_discharge_responsibility_indicator_emergency_care.html,cds_v6-2-3_type_011_-_emergency_care_cds,1900-01-01T00:00:00.000000+00:00,,true,3,2026-09-12T21:50:58.303823+00:00,databot,,
15,nhs_dd_cds,care_professional_main_specialty_code,main_specialty_code,CARE PROFESSIONAL MAIN SPECIALTY CODE,MAIN SPECIALTY CODE,,https://www.datadictionary.nhs.uk/data_elements/care_professional_main_specialty_code.html,cds_v6-2_type_020_-_outpatient_cds;cds_v6-2_type_021_-_future_outpatient_cds;cds_v6-2_type_030_-_elective_admission_list_-_end_of_period_census_standard_cds;cds_v6-2_type_050_-_elective_admission_list_-_end_of_period_census_new_cds;cds_v6-2_type_060_-_elective_admission_list_-_event_during_period_add_cds;cds_v6-2_type_110_-_elective_admission_list_-_event_during_period_new_service_agreement_cds;cds_v6-2_type_120_-_admitted_patient_care_-_finished_birth_episode_cds;cds_v6-2_type_130_-_admitted_patient_care_-_finished_general_episode_cds;cds_v6-2_type_140_-_admitted_patient_care_-_finished_delivery_episode_cds;cds_v6-2_type_170_-_admitted_patient_care_-_detained_and_or_long_term_psychiatric_census_cds;cds_v6-2_type_180_-_admitted_patient_care_-_unfinished_birth_episode_cds;cds_v6-2_type_190_-_admitted_patient_care_-_unfinished_general_episode_cds;cds_v6-2_type_200_-_admitted_patient_care_-_unfinished_delivery_episode_cds;cds_v6-3_type_020_-_outpatient_cds;cds_v6-3_type_120_-_admitted_patient_care_-_finished_birth_episode_cds;cds_v6-3_type_130_-_admitted_patient_care_-_finished_general_episode_cds;cds_v6-3_type_140_-_admitted_patient_care_-_finished_delivery_episode_cds;cds_v6-3_type_180_-_admitted_patient_care_-_unfinished_birth_episode_cds;cds_v6-3_type_190_-_admitted_patient_care_-_unfinished_general_episode_cds;cds_v6-3_type_200_-_admitted_patient_care_-_unfinished_delivery_episode_cds,1900-01-01T00:00:00.000000+00:00,,true,3,2026-09-12T21:50:58.303823+00:00,databot,,
16,nhs_dd_cds,care_professional_tier_emergency_care,care_professional_tier_for_emergency_care,CARE PROFESSIONAL TIER (EMERGENCY CARE),CARE PROFESSIONAL TIER FOR EMERGENCY CARE,,https://www.datadictionary.nhs.uk/data_elements/care_professional_tier_emergency_care.html,cds_v6-2-3_type_011_-_emergency_care_cds,1900-01-01T00:00:00.000000+00:00,,true,3,2026-09-12T21:50:58.303823+00:00,databot,,
17,nhs_dd_cds,carer_support_indicator,carer_support_indicator,CARER SUPPORT INDICATOR,CARER SUPPORT INDICATOR,,https://www.datadictionary.nhs.uk/data_elements/carer_support_indicator.html,cds_v6-2_type_020_-_outpatient_cds;cds_v6-2_type_021_-_future_outpatient_cds;cds_v6-2_type_030_-_elective_admission_list_-_end_of_period_census_standard_cds;cds_v6-2_type_050_-_elective_admission_list_-_end_of_period_census_new_cds;cds_v6-2_type_060_-_elective_admission_list_-_event_during_period_add_cds;cds_v6-2_type_110_-_elective_admission_list_-_event_during_period_new_service_agreement_cds;cds_v6-2_type_130_-_admitted_patient_care_-_finished_general_episode_cds;cds_v6-2_type_140_-_admitted_patient_care_-_finished_delivery_episode_cds;cds_v6-2_type_160_-_admitted_patient_care_-_other_delivery_event_cds;cds_v6-2_type_170_-_admitted_patient_care_-_detained_and_or_long_term_psychiatric_census_cds;cds_v6-2_type_190_-_admitted_patient_care_-_unfinished_general_episode_cds;cds_v6-2_type_200_-_admitted_patient_care_-_unfinished_delivery_episode_cds;cds_v6-3_type_020_-_outpatient_cds;cds_v6-3_type_130_-_admitted_patient_care_-_finished_general_episode_cds;cds_v6-3_type_140_-_admitted_patient_care_-_finished_delivery_episode_cds;cds_v6-3_type_160_-_admitted_patient_care_-_other_delivery_event_cds;cds_v6-3_type_190_-_admitted_patient_care_-_unfinished_general_episode_cds;cds_v6-3_type_200_-_admitted_patient_care_-_unfinished_delivery_episode_cds,1900-01-01T00:00:00.000000+00:00,,true,3,2026-09-12T21:50:58.303823+00:00,databot,,
18,nhs_dd_cds,cds_bulk_replacement_group_code,cds_bulk_replacement_group_code,CDS BULK REPLACEMENT GROUP CODE,CDS BULK REPLACEMENT GROUP CODE,,https://www.datadictionary.nhs.uk/data_elements/cds_bulk_replacement_group_code.html,cds_v6-2-3_type_005b_-_cds_transaction_header_group_-_bulk_update_protocol;cds_v6-2_type_005b_-_cds_transaction_header_group_-_bulk_update_protocol;cds_v6-3_type_005b_-_cds_transaction_header_group_-_bulk_update_protocol,1900-01-01T00:00:00.000000+00:00,,true,3,2026-09-12T21:50:58.303823+00:00,databot,,
19,nhs_dd_cds,cds_interchange_application_reference,cds_interchange_application_reference,CDS INTERCHANGE APPLICATION REFERENCE,CDS INTERCHANGE APPLICATION REFERENCE,,https://www.datadictionary.nhs.uk/data_elements/cds_interchange_application_reference.html,cds_v6-2-3_type_001_-_cds_interchange_header;cds_v6-2_type_001_-_cds_interchange_header;cds_v6-3_type_001_-_cds_interchange_header,1900-01-01T00:00:00.000000+00:00,,true,3,2026-09-12T21:50:58.303823+00:00,databot,,
20,nhs_dd_cds,cds_interchange_test_indicator,cds_interchange_test_indicator,CDS INTERCHANGE TEST INDICATOR,CDS INTERCHANGE TEST INDICATOR,,https://www.datadictionary.nhs.uk/data_elements/cds_interchange_test_indicator.html,cds_v6-2-3_type_001_-_cds_interchange_header;cds_v6-2_type_001_-_cds_interchange_header;cds_v6-3_type_001_-_cds_interchange_header,1900-01-01T00:00:00.000000+00:00,,true,3,2026-09-12T21:50:58.303823+00:00,databot,,
21,nhs_dd_cds,cds_message_type,cds_message_type,CDS MESSAGE TYPE,CDS MESSAGE TYPE,,https://www.datadictionary.nhs.uk/data_elements/cds_message_type.html,cds_v6-2-3_type_003_-_cds_message_header;cds_v6-2_type_003_-_cds_message_header;cds_v6-3_type_003_-_cds_message_header,1900-01-01T00:00:00.000000+00:00,,true,3,2026-09-12T21:50:58.303823+00:00,databot,,
22,nhs_dd_cds,cds_message_version_number,cds_message_version_number,CDS MESSAGE VERSION NUMBER,,,https://www.datadictionary.nhs.uk/data_elements/cds_message_version_number.html,cds_v6-2-3_type_003_-_cds_message_header;cds_v6-2_type_003_-_cds_message_header;cds_v6-3_type_003_-_cds_message_header,1900-01-01T00:00:00.000000+00:00,,true,3,2026-09-12T21:50:58.303823+00:00,databot,,
23,nhs_dd_cds,cds_protocol_identifier_code,cds_protocol_identifier_code,CDS PROTOCOL IDENTIFIER CODE,CDS PROTOCOL IDENTIFIER CODE,,https://www.datadictionary.nhs.uk/data_elements/cds_protocol_identifier_code.html,cds_v6-2-3_type_005b_-_cds_transaction_header_group_-_bulk_update_protocol;cds_v6-2-3_type_005n_-_cds_transaction_header_group_-_net_change_protocol;cds_v6-2_type_005b_-_cds_transaction_header_group_-_bulk_update_protocol;cds_v6-2_type_005n_-_cds_transaction_header_group_-_net_change_protocol;cds_v6-3_type_005b_-_cds_transaction_header_group_-_bulk_update_protocol;cds_v6-3_type_005n_-_cds_transaction_header_group_-_net_change_protocol,1900-01-01T00:00:00.000000+00:00,,true,3,2026-09-12T21:50:58.303823+00:00,databot,,
24,nhs_dd_cds,cds_type_code,cds_type_code,CDS TYPE CODE,CDS TYPE CODE,,https://www.datadictionary.nhs.uk/data_elements/cds_type_code.html,cds_v6-2-3_type_005b_-_cds_transaction_header_group_-_bulk_update_protocol;cds_v6-2-3_type_005n_-_cds_transaction_header_group_-_net_change_protocol;cds_v6-2_type_005b_-_cds_transaction_header_group_-_bulk_update_protocol;cds_v6-2_type_005n_-_cds_transaction_header_group_-_net_change_protocol;cds_v6-3_type_005b_-_cds_transaction_header_group_-_bulk_update_protocol;cds_v6-3_type_005n_-_cds_transaction_header_group_-_net_change_protocol,1900-01-01T00:00:00.000000+00:00,,true,3,2026-09-12T21:50:58.303823+00:00,databot,,
25,nhs_dd_cds,cds_update_type,cds_update_type,CDS UPDATE TYPE,CDS UPDATE TYPE,,https://www.datadictionary.nhs.uk/data_elements/cds_update_type.html,cds_v6-2-3_type_005n_-_cds_transaction_header_group_-_net_change_protocol;cds_v6-2_type_005n_-_cds_transaction_header_group_-_net_change_protocol;cds_v6-3_type_005n_-_cds_transaction_header_group_-_net_change_protocol,1900-01-01T00:00:00.000000+00:00,,true,3,2026-09-12T21:50:58.303823+00:00,databot,,
26,nhs_dd_cds,consultation_mechanism,consultation_mechanism,CONSULTATION MECHANISM,CONSULTATION MECHANISM,CONSULTATION MECHANISM,https://www.datadictionary.nhs.uk/data_elements/consultation_mechanism.html,cds_v6-3_type_020_-_outpatient_cds,1900-01-01T00:00:00.000000+00:00,2026-09-12T21:55:57.028191+00:00,false,3,2026-09-12T21:50:58.303823+00:00,databot,2026-09-12T21:55:57.028191+00:00,databot
129,nhs_dd_cds,consultation_mechanism,consultation_mechanism,CONSULTATION MECHANISM,CONSULTATION MECHANISM,,https://www.datadictionary.nhs.uk/data_elements/consultation_mechanism.html,cds_v6-3_type_020_-_outpatient_cds,2026-09-12T21:55:57.028191+00:00,,true,4,2026-09-12T21:55:57.028191+00:00,databot,,
27,nhs_dd_cds,consultation_medium_used,consultation_medium_used,CONSULTATION MEDIUM USED,CONSULTATION MEDIUM USED,CONSULTATION MECHANISM,https://www.datadictionary.nhs.uk/data_elements/consultation_medium_used.html,cds_v6-2_type_020_-_outpatient_cds;cds_v6-2_type_021_-_future_outpatient_cds,1900-01-01T00:00:00.000000+00:00,,true,3,2026-09-12T21:50:58.303823+00:00,databot,,
28,nhs_dd_cds,consultation_type,consultation_type,CONSULTATION TYPE,CONSULTATION TYPE,,https://www.datadictionary.nhs.uk/data_elements/consultation_type.html,cds_v6-3_type_020_-_outpatient_cds,1900-01-01T00:00:00.000000+00:00,,true,3,2026-09-12T21:50:58.303823+00:00,databot,,
29,nhs_dd_cds,critical_care_activity_code,critical_care_activity_code,CRITICAL CARE ACTIVITY CODE,CRITICAL CARE ACTIVITY CODE,,https://www.datadictionary.nhs.uk/data_elements/critical_care_activity_code.html,cds_v6-2_type_120_-_admitted_patient_care_-_finished_birth_episode_cds;cds_v6-2_type_130_-_admitted_patient_care_-_finished_general_episode_cds;cds_v6-2_type_140_-_admitted_patient_care_-_finished_delivery_episode_cds;cds_v6-2_type_180_-_admitted_patient_care_-_unfinished_birth_episode_cds;cds_v6-2_type_190_-_admitted_patient_care_-_unfinished_general_episode_cds;cds_v6-2_type_200_-_admitted_patient_care_-_unfinished_delivery_episode_cds;cds_v6-3_type_120_-_admitted_patient_care_-_finished_birth_episode_cds;cds_v6-3_type_130_-_admitted_patient_care_-_finished_general_episode_cds;cds_v6-3_type_140_-_admitted_patient_care_-_finished_delivery_episode_cds;cds_v6-3_type_180_-_admitted_patient_care_-_unfinished_birth_episode_cds;cds_v6-3_type_190_-_admitted_patient_care_-_unfinished_general_episode_cds;cds_v6-3_type_200_-_admitted_patient_care_-_unfinished_delivery_episode_cds,1900-01-01T00:00:00.000000+00:00,,true,3,2026-09-12T21:50:58.303823+00:00,databot,,
30,nhs_dd_cds,critical_care_admission_source,critical_care_admission_source,CRITICAL CARE ADMISSION SOURCE,CRITICAL CARE ADMISSION SOURCE,,https://www.datadictionary.nhs.uk/data_elements/critical_care_admission_source.html,cds_v6-2_type_120_-_admitted_patient_care_-_finished_birth_episode_cds;cds_v6-2_type_130_-_admitted_patient_care_-_finished_general_episode_cds;cds_v6-2_type_140_-_admitted_patient_care_-_finished_delivery_episode_cds;cds_v6-2_type_180_-_admitted_patient_care_-_unfinished_birth_episode_cds;cds_v6-2_type_190_-_admitted_patient_care_-_unfinished_general_episode_cds;cds_v6-2_type_200_-_admitted_patient_care_-_unfinished_delivery_episode_cds;cds_v6-3_type_120_-_admitted_patient_care_-_finished_birth_episode_cds;cds_v6-3_type_130_-_admitted_patient_care_-_finished_general_episode_cds;cds_v6-3_type_140_-_admitted_patient_care_-_finished_delivery_episode_cds;cds_v6-3_type_180_-_admitted_patient_care_-_unfinished_birth_episode_cds;cds_v6-3_type_190_-_admitted_patient_care_-_unfinished_general_episode_cds;cds_v6-3_type_200_-_admitted_patient_care_-_unfinished_delivery_episode_cds,1900-01-01T00:00:00.000000+00:00,,true,3,2026-09-12T21:50:58.303823+00:00,databot,,
31,nhs_dd_cds,critical_care_admission_type,critical_care_admission_type,CRITICAL CARE ADMISSION TYPE,CRITICAL CARE ADMISSION TYPE,,https://www.datadictionary.nhs.uk/data_elements/critical_care_admission_type.html,cds_v6-2_type_120_-_admitted_patient_care_-_finished_birth_episode_cds;cds_v6-2_type_130_-_admitted_patient_care_-_finished_general_episode_cds;cds_v6-2_type_140_-_admitted_patient_care_-_finished_delivery_episode_cds;cds_v6-2_type_180_-_admitted_patient_care_-_unfinished_birth_episode_cds;cds_v6-2_type_190_-_admitted_patient_care_-_unfinished_general_episode_cds;cds_v6-2_type_200_-_admitted_patient_care_-_unfinished_delivery_episode_cds;cds_v6-3_type_120_-_admitted_patient_care_-_finished_birth_episode_cds;cds_v6-3_type_130_-_admitted_patient_care_-_finished_general_episode_cds;cds_v6-3_type_140_-_admitted_patient_care_-_finished_delivery_episode_cds;cds_v6-3_type_180_-_admitted_patient_care_-_unfinished_birth_episode_cds;cds_v6-3_type_190_-_admitted_patient_care_-_unfinished_general_episode_cds;cds_v6-3_type_200_-_admitted_patient_care_-_unfinished_delivery_episode_cds,1900-01-01T00:00:00.000000+00:00,,true,3,2026-09-12T21:50:58.303823+00:00,databot,,
32,nhs_dd_cds,critical_care_discharge_destination,critical_care_discharge_destination,CRITICAL CARE DISCHARGE DESTINATION,CRITICAL CARE DISCHARGE DESTINATION,,https://www.datadictionary.nhs.uk/data_elements/critical_care_discharge_destination.html,cds_v6-2_type_120_-_admitted_patient_care_-_finished_birth_episode_cds;cds_v6-2_type_130_-_admitted_patient_care_-_finished_general_episode_cds;cds_v6-2_type_140_-_admitted_patient_care_-_finished_delivery_episode_cds;cds_v6-2_type_180_-_admitted_patient_care_-_unfinished_birth_episode_cds;cds_v6-2_type_190_-_admitted_patient_care_-_unfinished_general_episode_cds;cds_v6-2_type_200_-_admitted_patient_care_-_unfinished_delivery_episode_cds;cds_v6-3_type_120_-_admitted_patient_care_-_finished_birth_episode_cds;cds_v6-3_type_130_-_admitted_patient_care_-_finished_general_episode_cds;cds_v6-3_type_140_-_admitted_patient_care_-_finished_delivery_episode_cds;cds_v6-3_type_180_-_admitted_patient_care_-_unfinished_birth_episode_cds;cds_v6-3_type_190_-_admitted_patient_care_-_unfinished_general_episode_cds;cds_v6-3_type_200_-_admitted_patient_care_-_unfinished_delivery_episode_cds,1900-01-01T00:00:00.000000+00:00,,true,3,2026-09-12T21:50:58.303823+00:00,databot,,
33,nhs_dd_cds,critical_care_discharge_location,critical_care_discharge_location,CRITICAL CARE DISCHARGE LOCATION,CRITICAL CARE DISCHARGE LOCATION,,https://www.datadictionary.nhs.uk/data_elements/critical_care_discharge_location.html,cds_v6-2_type_120_-_admitted_patient_care_-_finished_birth_episode_cds;cds_v6-2_type_130_-_admitted_patient_care_-_finished_general_episode_cds;cds_v6-2_type_140_-_admitted_patient_care_-_finished_delivery_episode_cds;cds_v6-2_type_180_-_admitted_patient_care_-_unfinished_birth_episode_cds;cds_v6-2_type_190_-_admitted_patient_care_-_unfinished_general_episode_cds;cds_v6-2_type_200_-_admitted_patient_care_-_unfinished_delivery_episode_cds;cds_v6-3_type_120_-_admitted_patient_care_-_finished_birth_episode_cds;cds_v6-3_type_130_-_admitted_patient_care_-_finished_general_episode_cds;cds_v6-3_type_140_-_admitted_patient_care_-_finished_delivery_episode_cds;cds_v6-3_type_180_-_admitted_patient_care_-_unfinished_birth_episode_cds;cds_v6-3_type_190_-_admitted_patient_care_-_unfinished_general_episode_cds;cds_v6-3_type_200_-_admitted_patient_care_-_unfinished_delivery_episode_cds,1900-01-01T00:00:00.000000+00:00,,true,3,2026-09-12T21:50:58.303823+00:00,databot,,
34,nhs_dd_cds,critical_care_discharge_status,critical_care_discharge_status,CRITICAL CARE DISCHARGE STATUS,CRITICAL CARE DISCHARGE STATUS,,https://www.datadictionary.nhs.uk/data_elements/critical_care_discharge_status.html,cds_v6-2_type_120_-_admitted_patient_care_-_finished_birth_episode_cds;cds_v6-2_type_130_-_admitted_patient_care_-_finished_general_episode_cds;cds_v6-2_type_140_-_admitted_patient_care_-_finished_delivery_episode_cds;cds_v6-2_type_180_-_admitted_patient_care_-_unfinished_birth_episode_cds;cds_v6-2_type_190_-_admitted_patient_care_-_unfinished_general_episode_cds;cds_v6-2_type_200_-_admitted_patient_care_-_unfinished_delivery_episode_cds;cds_v6-3_type_120_-_admitted_patient_care_-_finished_birth_episode_cds;cds_v6-3_type_130_-_admitted_patient_care_-_finished_general_episode_cds;cds_v6-3_type_140_-_admitted_patient_care_-_finished_delivery_episode_cds;cds_v6-3_type_180_-_admitted_patient_care_-_unfinished_birth_episode_cds;cds_v6-3_type_190_-_admitted_patient_care_-_unfinished_general_episode_cds;cds_v6-3_type_200_-_admitted_patient_care_-_unfinished_delivery_episode_cds,1900-01-01T00:00:00.000000+00:00,,true,3,2026-09-12T21:50:58.303823+00:00,databot,,
35,nhs_dd_cds,critical_care_level,critical_care_level,CRITICAL CARE LEVEL,CRITICAL CARE LEVEL,,https://www.datadictionary.nhs.uk/data_elements/critical_care_level.html,cds_v6-3_type_120_-_admitted_patient_care_-_finished_birth_episode_cds;cds_v6-3_type_130_-_admitted_patient_care_-_finished_general_episode_cds;cds_v6-3_type_140_-_admitted_patient_care_-_finished_delivery_episode_cds;cds_v6-3_type_180_-_admitted_patient_care_-_unfinished_birth_episode_cds;cds_v6-3_type_190_-_admitted_patient_care_-_unfinished_general_episode_cds;cds_v6-3_type_200_-_admitted_patient_care_-_unfinished_delivery_episode_cds,1900-01-01T00:00:00.000000+00:00,,true,3,2026-09-12T21:50:58.303823+00:00,databot,,
36,nhs_dd_cds,critical_care_source_location,critical_care_source_location,CRITICAL CARE SOURCE LOCATION,CRITICAL CARE SOURCE LOCATION,,https://www.datadictionary.nhs.uk/data_elements/critical_care_source_location.html,cds_v6-2_type_120_-_admitted_patient_care_-_finished_birth_episode_cds;cds_v6-2_type_130_-_admitted_patient_care_-_finished_general_episode_cds;cds_v6-2_type_140_-_admitted_patient_care_-_finished_delivery_episode_cds;cds_v6-2_type_180_-_admitted_patient_care_-_unfinished_birth_episode_cds;cds_v6-2_type_190_-_admitted_patient_care_-_unfinished_general_episode_cds;cds_v6-2_type_200_-_admitted_patient_care_-_unfinished_delivery_episode_cds;cds_v6-3_type_120_-_admitted_patient_care_-_finished_birth_episode_cds;cds_v6-3_type_130_-_admitted_patient_care_-_finished_general_episode_cds;cds_v6-3_type_140_-_admitted_patient_care_-_finished_delivery_episode_cds;cds_v6-3_type_180_-_admitted_patient_care_-_unfinished_birth_episode_cds;cds_v6-3_type_190_-_admitted_patient_care_-_unfinished_general_episode_cds;cds_v6-3_type_200_-_admitted_patient_care_-_unfinished_delivery_episode_cds,1900-01-01T00:00:00.000000+00:00,,true,3,2026-09-12T21:50:58.303823+00:00,databot,,
37,nhs_dd_cds,critical_care_unit_bed_configuration,unit_bed_configuration,CRITICAL CARE UNIT BED CONFIGURATION,UNIT BED CONFIGURATION,,https://www.datadictionary.nhs.uk/data_elements/critical_care_unit_bed_configuration.html,cds_v6-2_type_120_-_admitted_patient_care_-_finished_birth_episode_cds;cds_v6-2_type_130_-_admitted_patient_care_-_finished_general_episode_cds;cds_v6-2_type_140_-_admitted_patient_care_-_finished_delivery_episode_cds;cds_v6-2_type_180_-_admitted_patient_care_-_unfinished_birth_episode_cds;cds_v6-2_type_190_-_admitted_patient_care_-_unfinished_general_episode_cds;cds_v6-2_type_200_-_admitted_patient_care_-_unfinished_delivery_episode_cds;cds_v6-3_type_120_-_admitted_patient_care_-_finished_birth_episode_cds;cds_v6-3_type_130_-_admitted_patient_care_-_finished_general_episode_cds;cds_v6-3_type_140_-_admitted_patient_care_-_finished_delivery_episode_cds;cds_v6-3_type_180_-_admitted_patient_care_-_unfinished_birth_episode_cds;cds_v6-3_type_190_-_admitted_patient_care_-_unfinished_general_episode_cds;cds_v6-3_type_200_-_admitted_patient_care_-_unfinished_delivery_episode_cds,1900-01-01T00:00:00.000000+00:00,,true,3,2026-09-12T21:50:58.303823+00:00,databot,,
38,nhs_dd_cds,critical_care_unit_function,critical_care_unit_function,CRITICAL CARE UNIT FUNCTION,CRITICAL CARE UNIT FUNCTION,,https://www.datadictionary.nhs.uk/data_elements/critical_care_unit_function.html,cds_v6-2_type_120_-_admitted_patient_care_-_finished_birth_episode_cds;cds_v6-2_type_130_-_admitted_patient_care_-_finished_general_episode_cds;cds_v6-2_type_140_-_admitted_patient_care_-_finished_delivery_episode_cds;cds_v6-2_type_180_-_admitted_patient_care_-_unfinished_birth_episode_cds;cds_v6-2_type_190_-_admitted_patient_care_-_unfinished_general_episode_cds;cds_v6-2_type_200_-_admitted_patient_care_-_unfinished_delivery_episode_cds;cds_v6-3_type_120_-_admitted_patient_care_-_finished_birth_episode_cds;cds_v6-3_type_130_-_admitted_patient_care_-_finished_general_episode_cds;cds_v6-3_type_140_-_admitted_patient_care_-_finished_delivery_episode_cds;cds_v6-3_type_180_-_admitted_patient_care_-_unfinished_birth_episode_cds;cds_v6-3_type_190_-_admitted_patient_care_-_unfinished_general_episode_cds;cds_v6-3_type_200_-_admitted_patient_care_-_unfinished_delivery_episode_cds,1900-01-01T00:00:00.000000+00:00,,true,3,2026-09-12T21:50:58.303823+00:00,databot,,
39,nhs_dd_cds,delivery_method_code,delivery_method,DELIVERY METHOD CODE,DELIVERY METHOD,,https://www.datadictionary.nhs.uk/data_elements/delivery_method_code.html,cds_v6-2_type_120_-_admitted_patient_care_-_finished_birth_episode_cds;cds_v6-2_type_140_-_admitted_patient_care_-_finished_delivery_episode_cds;cds_v6-2_type_150_-_admitted_patient_care_-_other_birth_event_cds;cds_v6-2_type_160_-_admitted_patient_care_-_other_delivery_event_cds;cds_v6-2_type_180_-_admitted_patient_care_-_unfinished_birth_episode_cds;cds_v6-2_type_200_-_admitted_patient_care_-_unfinished_delivery_episode_cds;cds_v6-3_type_120_-_admitted_patient_care_-_finished_birth_episode_cds;cds_v6-3_type_140_-_admitted_patient_care_-_finished_delivery_episode_cds;cds_v6-3_type_150_-_admitted_patient_care_-_other_birth_event_cds;cds_v6-3_type_160_-_admitted_patient_care_-_other_delivery_event_cds;cds_v6-3_type_180_-_admitted_patient_care_-_unfinished_birth_episode_cds;cds_v6-3_type_200_-_admitted_patient_care_-_unfinished_delivery_episode_cds,1900-01-01T00:00:00.000000+00:00,,true,3,2026-09-12T21:50:58.303823+00:00,databot,,
40,nhs_dd_cds,delivery_place_change_reason_code,delivery_place_change_reason,DELIVERY PLACE CHANGE REASON CODE,DELIVERY PLACE CHANGE REASON,,https://www.datadictionary.nhs.uk/data_elements/delivery_place_change_reason_code.html,cds_v6-2_type_120_-_admitted_patient_care_-_finished_birth_episode_cds;cds_v6-2_type_140_-_admitted_patient_care_-_finished_delivery_episode_cds;cds_v6-2_type_150_-_admitted_patient_care_-_other_birth_event_cds;cds_v6-2_type_160_-_admitted_patient_care_-_other_delivery_event_cds;cds_v6-2_type_180_-_admitted_patient_care_-_unfinished_birth_episode_cds;cds_v6-2_type_200_-_admitted_patient_care_-_unfinished_delivery_episode_cds;cds_v6-3_type_120_-_admitted_patient_care_-_finished_birth_episode_cds;cds_v6-3_type_140_-_admitted_patient_care_-_finished_delivery_episode_cds;cds_v6-3_type_150_-_admitted_patient_care_-_other_birth_event_cds;cds_v6-3_type_160_-_admitted_patient_care_-_other_delivery_event_cds;cds_v6-3_type_180_-_admitted_patient_care_-_unfinished_birth_episode_cds;cds_v6-3_type_200_-_admitted_patient_care_-_unfinished_delivery_episode_cds,1900-01-01T00:00:00.000000+00:00,,true,3,2026-09-12T21:50:58.303823+00:00,databot,,
41,nhs_dd_cds,delivery_place_type_code_actual,actual_delivery_place,DELIVERY PLACE TYPE CODE (ACTUAL),ACTUAL DELIVERY PLACE,,https://www.datadictionary.nhs.uk/data_elements/delivery_place_type_code_actual.html,cds_v6-2_type_120_-_admitted_patient_care_-_finished_birth_episode_cds;cds_v6-2_type_140_-_admitted_patient_care_-_finished_delivery_episode_cds;cds_v6-2_type_150_-_admitted_patient_care_-_other_birth_event_cds;cds_v6-2_type_160_-_admitted_patient_care_-_other_delivery_event_cds;cds_v6-2_type_180_-_admitted_patient_care_-_unfinished_birth_episode_cds;cds_v6-2_type_200_-_admitted_patient_care_-_unfinished_delivery_episode_cds;cds_v6-3_type_120_-_admitted_patient_care_-_finished_birth_episode_cds;cds_v6-3_type_140_-_admitted_patient_care_-_finished_delivery_episode_cds;cds_v6-3_type_150_-_admitted_patient_care_-_other_birth_event_cds;cds_v6-3_type_160_-_admitted_patient_care_-_other_delivery_event_cds;cds_v6-3_type_180_-_admitted_patient_care_-_unfinished_birth_episode_cds;cds_v6-3_type_200_-_admitted_patient_care_-_unfinished_delivery_episode_cds,1900-01-01T00:00:00.000000+00:00,,true,3,2026-09-12T21:50:58.303823+00:00,databot,,
42,nhs_dd_cds,delivery_place_type_code_intended,intended_delivery_place,DELIVERY PLACE TYPE CODE (INTENDED),INTENDED DELIVERY PLACE,,https://www.datadictionary.nhs.uk/data_elements/delivery_place_type_code_intended.html,cds_v6-2_type_120_-_admitted_patient_care_-_finished_birth_episode_cds;cds_v6-2_type_140_-_admitted_patient_care_-_finished_delivery_episode_cds;cds_v6-2_type_150_-_admitted_patient_care_-_other_birth_event_cds;cds_v6-2_type_160_-_admitted_patient_care_-_other_delivery_event_cds;cds_v6-2_type_180_-_admitted_patient_care_-_unfinished_birth_episode_cds;cds_v6-2_type_200_-_admitted_patient_care_-_unfinished_delivery_episode_cds;cds_v6-3_type_120_-_admitted_patient_care_-_finished_birth_episode_cds;cds_v6-3_type_140_-_admitted_patient_care_-_finished_delivery_episode_cds;cds_v6-3_type_150_-_admitted_patient_care_-_other_birth_event_cds;cds_v6-3_type_160_-_admitted_patient_care_-_other_delivery_event_cds;cds_v6-3_type_180_-_admitted_patient_care_-_unfinished_birth_episode_cds;cds_v6-3_type_200_-_admitted_patient_care_-_unfinished_delivery_episode_cds,1900-01-01T00:00:00.000000+00:00,,true,3,2026-09-12T21:50:58.303823+00:00,databot,,
43,nhs_dd_cds,destination_of_discharge_hospital_provider_spell,destination_of_discharge,DESTINATION OF DISCHARGE (HOSPITAL PROVIDER SPELL),DESTINATION OF DISCHARGE,DESTINATION OF DISCHARGE (HOSPITAL PROVIDER SPELL),https://www.datadictionary.nhs.uk/data_elements/destination_of_discharge_hospital_provider_spell.html,cds_v6-3_type_120_-_admitted_patient_care_-_finished_birth_episode_cds;cds_v6-3_type_130_-_admitted_patient_care_-_finished_general_episode_cds;cds_v6-3_type_140_-_admitted_patient_care_-_finished_delivery_episode_cds;cds_v6-3_type_180_-_admitted_patient_care_-_unfinished_birth_episode_cds;cds_v6-3_type_190_-_admitted_patient_care_-_unfinished_general_episode_cds;cds_v6-3_type_200_-_admitted_patient_care_-_unfinished_delivery_episode_cds,1900-01-01T00:00:00.000000+00:00,2026-09-12T21:55:57.028191+00:00,false,3,2026-09-12T21:50:58.303823+00:00,databot,2026-09-12T21:55:57.028191+00:00,databot
130,nhs_dd_cds,destination_of_discharge_hospital_provider_spell,destination_of_discharge,DESTINATION OF DISCHARGE (HOSPITAL PROVIDER SPELL),DESTINATION OF DISCHARGE,,https://www.datadictionary.nhs.uk/data_elements/destination_of_discharge_hospital_provider_spell.html,cds_v6-3_type_120_-_admitted_patient_care_-_finished_birth_episode_cds;cds_v6-3_type_130_-_admitted_patient_care_-_finished_general_episode_cds;cds_v6-3_type_140_-_admitted_patient_care_-_finished_delivery_episode_cds;cds_v6-3_type_180_-_admitted_patient_care_-_unfinished_birth_episode_cds;cds_v6-3_type_190_-_admitted_patient_care_-_unfinished_general_episode_cds;cds_v6-3_type_200_-_admitted_patient_care_-_unfinished_delivery_episode_cds,2026-09-12T21:55:57.028191+00:00,,true,4,2026-09-12T21:55:57.028191+00:00,databot,,
44,nhs_dd_cds,diagnosis_scheme_in_use,diagnosis_scheme_in_use,DIAGNOSIS SCHEME IN USE,DIAGNOSIS SCHEME IN USE,,https://www.datadictionary.nhs.uk/data_elements/diagnosis_scheme_in_use.html,cds_v6-2_type_020_-_outpatient_cds;cds_v6-2_type_021_-_future_outpatient_cds;cds_v6-2_type_120_-_admitted_patient_care_-_finished_birth_episode_cds;cds_v6-2_type_130_-_admitted_patient_care_-_finished_general_episode_cds;cds_v6-2_type_140_-_admitted_patient_care_-_finished_delivery_episode_cds;cds_v6-2_type_170_-_admitted_patient_care_-_detained_and_or_long_term_psychiatric_census_cds;cds_v6-2_type_180_-_admitted_patient_care_-_unfinished_birth_episode_cds;cds_v6-2_type_190_-_admitted_patient_care_-_unfinished_general_episode_cds;cds_v6-2_type_200_-_admitted_patient_care_-_unfinished_delivery_episode_cds,1900-01-01T00:00:00.000000+00:00,,true,3,2026-09-12T21:50:58.303823+00:00,databot,,
45,nhs_dd_cds,diagnosis_scheme_in_use_commissioning_data_set,diagnosis_scheme_in_use_commissioning_data_set,DIAGNOSIS SCHEME IN USE (COMMISSIONING DATA SET),,,https://www.datadictionary.nhs.uk/data_elements/diagnosis_scheme_in_use_commissioning_data_set.html,cds_v6-3_type_020_-_outpatient_cds;cds_v6-3_type_120_-_admitted_patient_care_-_finished_birth_episode_cds;cds_v6-3_type_130_-_admitted_patient_care_-_finished_general_episode_cds;cds_v6-3_type_140_-_admitted_patient_care_-_finished_delivery_episode_cds;cds_v6-3_type_180_-_admitted_patient_care_-_unfinished_birth_episode_cds;cds_v6-3_type_190_-_admitted_patient_care_-_unfinished_general_episode_cds;cds_v6-3_type_200_-_admitted_patient_care_-_unfinished_delivery_episode_cds,1900-01-01T00:00:00.000000+00:00,,true,3,2026-09-12T21:50:58.303823+00:00,databot,,
46,nhs_dd_cds,direct_access_referral_indicator,direct_access_referral_indicator,DIRECT ACCESS REFERRAL INDICATOR,DIRECT ACCESS REFERRAL INDICATOR,,https://www.datadictionary.nhs.uk/data_elements/direct_access_referral_indicator.html,cds_v6-2_type_020_-_outpatient_cds;cds_v6-2_type_021_-_future_outpatient_cds;cds_v6-2_type_030_-_elective_admission_list_-_end_of_period_census_standard_cds;cds_v6-2_type_050_-_elective_admission_list_-_end_of_period_census_new_cds;cds_v6-2_type_060_-_elective_admission_list_-_event_during_period_add_cds;cds_v6-2_type_110_-_elective_admission_list_-_event_during_period_new_service_agreement_cds;cds_v6-2_type_130_-_admitted_patient_care_-_finished_general_episode_cds;cds_v6-2_type_190_-_admitted_patient_care_-_unfinished_general_episode_cds;cds_v6-3_type_020_-_outpatient_cds;cds_v6-3_type_130_-_admitted_patient_care_-_finished_general_episode_cds;cds_v6-3_type_190_-_admitted_patient_care_-_unfinished_general_episode_cds,1900-01-01T00:00:00.000000+00:00,,true,3,2026-09-12T21:50:58.303823+00:00,databot,,
47,nhs_dd_cds,discharge_destination_code_hospital_provider_spell,discharge_destination,DISCHARGE DESTINATION CODE (HOSPITAL PROVIDER SPELL),DISCHARGE DESTINATION,DESTINATION OF DISCHARGE (HOSPITAL PROVIDER SPELL),https://www.datadictionary.nhs.uk/data_elements/discharge_destination_code_hospital_provider_spell.html,cds_v6-2_type_120_-_admitted_patient_care_-_finished_birth_episode_cds;cds_v6-2_type_130_-_admitted_patient_care_-_finished_general_episode_cds;cds_v6-2_type_140_-_admitted_patient_care_-_finished_delivery_episode_cds;cds_v6-2_type_180_-_admitted_patient_care_-_unfinished_birth_episode_cds;cds_v6-2_type_190_-_admitted_patient_care_-_unfinished_general_episode_cds;cds_v6-2_type_200_-_admitted_patient_care_-_unfinished_delivery_episode_cds,1900-01-01T00:00:00.000000+00:00,,true,3,2026-09-12T21:50:58.303823+00:00,databot,,
48,nhs_dd_cds,discharge_method_code_hospital_provider_spell,discharge_method,DISCHARGE METHOD CODE (HOSPITAL PROVIDER SPELL),DISCHARGE METHOD,,https://www.datadictionary.nhs.uk/data_elements/discharge_method_code_hospital_provider_spell.html,cds_v6-2_type_120_-_admitted_patient_care_-_finished_birth_episode_cds;cds_v6-2_type_130_-_admitted_patient_care_-_finished_general_episode_cds;cds_v6-2_type_140_-_admitted_patient_care_-_finished_delivery_episode_cds;cds_v6-2_type_180_-_admitted_patient_care_-_unfinished_birth_episode_cds;cds_v6-2_type_190_-_admitted_patient_care_-_unfinished_general_episode_cds;cds_v6-2_type_200_-_admitted_patient_care_-_unfinished_delivery_episode_cds,1900-01-01T00:00:00.000000+00:00,,true,3,2026-09-12T21:50:58.303823+00:00,databot,,
49,nhs_dd_cds,discharged_to_hospital_at_home_service_indicator,discharged_to_hospital_at_home_service_indicator,DISCHARGED TO HOSPITAL AT HOME SERVICE INDICATOR,DISCHARGED TO HOSPITAL AT HOME SERVICE INDICATOR,,https://www.datadictionary.nhs.uk/data_elements/discharged_to_hospital_at_home_service_indicator.html,cds_v6-2_type_120_-_admitted_patient_care_-_finished_birth_episode_cds;cds_v6-2_type_130_-_admitted_patient_care_-_finished_general_episode_cds;cds_v6-2_type_140_-_admitted_patient_care_-_finished_delivery_episode_cds;cds_v6-2_type_180_-_admitted_patient_care_-_unfinished_birth_episode_cds;cds_v6-2_type_190_-_admitted_patient_care_-_unfinished_general_episode_cds;cds_v6-2_type_200_-_admitted_patient_care_-_unfinished_delivery_episode_cds,1900-01-01T00:00:00.000000+00:00,,true,3,2026-09-12T21:50:58.303823+00:00,databot,,
50,nhs_dd_cds,discharged_to_nhs_at_home_service_indicator,discharged_to_nhs_at_home_service_indicator,DISCHARGED TO NHS AT HOME SERVICE INDICATOR,DISCHARGED TO NHS AT HOME SERVICE INDICATOR,,https://www.datadictionary.nhs.uk/data_elements/discharged_to_nhs_at_home_service_indicator.html,cds_v6-3_type_120_-_admitted_patient_care_-_finished_birth_episode_cds;cds_v6-3_type_130_-_admitted_patient_care_-_finished_general_episode_cds;cds_v6-3_type_140_-_admitted_patient_care_-_finished_delivery_episode_cds;cds_v6-3_type_180_-_admitted_patient_care_-_unfinished_birth_episode_cds;cds_v6-3_type_190_-_admitted_patient_care_-_unfinished_general_episode_cds;cds_v6-3_type_200_-_admitted_patient_care_-_unfinished_delivery_episode_cds,1900-01-01T00:00:00.000000+00:00,,true,3,2026-09-12T21:50:58.303823+00:00,databot,,
51,nhs_dd_cds,elective_admission_list_removal_reason_code,elective_admission_list_removal_reason,ELECTIVE ADMISSION LIST REMOVAL REASON CODE,ELECTIVE ADMISSION LIST REMOVAL REASON,,https://www.datadictionary.nhs.uk/data_elements/elective_admission_list_removal_reason_code.html,cds_v6-2_type_030_-_elective_admission_list_-_end_of_period_census_standard_cds;cds_v6-2_type_050_-_elective_admission_list_-_end_of_period_census_new_cds;cds_v6-2_type_060_-_elective_admission_list_-_event_during_period_add_cds;cds_v6-2_type_070_-_elective_admission_list_-_event_during_period_remove_cds,1900-01-01T00:00:00.000000+00:00,,true,3,2026-09-12T21:50:58.303823+00:00,databot,,
52,nhs_dd_cds,elective_admission_list_status,elective_admission_list_status,ELECTIVE ADMISSION LIST STATUS,ELECTIVE ADMISSION LIST STATUS,,https://www.datadictionary.nhs.uk/data_elements/elective_admission_list_status.html,cds_v6-2_type_030_-_elective_admission_list_-_end_of_period_census_standard_cds;cds_v6-2_type_050_-_elective_admission_list_-_end_of_period_census_new_cds;cds_v6-2_type_060_-_elective_admission_list_-_event_during_period_add_cds;cds_v6-2_type_110_-_elective_admission_list_-_event_during_period_new_service_agreement_cds,1900-01-01T00:00:00.000000+00:00,,true,3,2026-09-12T21:50:58.303823+00:00,databot,,
53,nhs_dd_cds,elective_admission_type_code,elective_admission_type,ELECTIVE ADMISSION TYPE CODE,ELECTIVE ADMISSION TYPE,,https://www.datadictionary.nhs.uk/data_elements/elective_admission_type_code.html,cds_v6-2_type_030_-_elective_admission_list_-_end_of_period_census_standard_cds;cds_v6-2_type_050_-_elective_admission_list_-_end_of_period_census_new_cds;cds_v6-2_type_060_-_elective_admission_list_-_event_during_period_add_cds;cds_v6-2_type_110_-_elective_admission_list_-_event_during_period_new_service_agreement_cds,1900-01-01T00:00:00.000000+00:00,,true,3,2026-09-12T21:50:58.303823+00:00,databot,,
54,nhs_dd_cds,emed3_fit_note_follow_up_assessment_required_indicator,emed3_fit_note_follow_up_assessment_required_indicator,EMED3 FIT NOTE FOLLOW UP ASSESSMENT REQUIRED INDICATOR,EMED3 FIT NOTE FOLLOW UP ASSESSMENT REQUIRED INDICATOR,,https://www.datadictionary.nhs.uk/data_elements/emed3_fit_note_follow_up_assessment_required_indicator.html,cds_v6-3_type_020_-_outpatient_cds;cds_v6-3_type_130_-_admitted_patient_care_-_finished_general_episode_cds;cds_v6-3_type_190_-_admitted_patient_care_-_unfinished_general_episode_cds,1900-01-01T00:00:00.000000+00:00,,true,3,2026-09-12T21:50:58.303823+00:00,databot,,
55,nhs_dd_cds,emed3_fit_note_issuer,emed3_fit_note_issuer,EMED3 FIT NOTE ISSUER,EMED3 FIT NOTE ISSUER,,https://www.datadictionary.nhs.uk/data_elements/emed3_fit_note_issuer.html,cds_v6-3_type_020_-_outpatient_cds;cds_v6-3_type_130_-_admitted_patient_care_-_finished_general_episode_cds;cds_v6-3_type_190_-_admitted_patient_care_-_unfinished_general_episode_cds,1900-01-01T00:00:00.000000+00:00,,true,3,2026-09-12T21:50:58.303823+00:00,databot,,
56,nhs_dd_cds,emergency_care_attendance_category,emergency_care_attendance_category,EMERGENCY CARE ATTENDANCE CATEGORY,EMERGENCY CARE ATTENDANCE CATEGORY,,https://www.datadictionary.nhs.uk/data_elements/emergency_care_attendance_category.html,cds_v6-2-3_type_011_-_emergency_care_cds,1900-01-01T00:00:00.000000+00:00,,true,3,2026-09-12T21:50:58.303823+00:00,databot,,
57,nhs_dd_cds,emergency_care_department_type,emergency_care_department_type,EMERGENCY CARE DEPARTMENT TYPE,EMERGENCY CARE DEPARTMENT TYPE,,https://www.datadictionary.nhs.uk/data_elements/emergency_care_department_type.html,cds_v6-2-3_type_011_-_emergency_care_cds,1900-01-01T00:00:00.000000+00:00,,true,3,2026-09-12T21:50:58.303823+00:00,databot,,
58,nhs_dd_cds,ethnic_category,ethnic_category_code_2001,ETHNIC CATEGORY,ETHNIC CATEGORY CODE 2001,,https://www.datadictionary.nhs.uk/data_elements/ethnic_category.html,cds_v6-2-3_type_011_-_emergency_care_cds;cds_v6-2_type_020_-_outpatient_cds;cds_v6-2_type_021_-_future_outpatient_cds;cds_v6-2_type_120_-_admitted_patient_care_-_finished_birth_episode_cds;cds_v6-2_type_130_-_admitted_patient_care_-_finished_general_episode_cds;cds_v6-2_type_140_-_admitted_patient_care_-_finished_delivery_episode_cds;cds_v6-2_type_150_-_admitted_patient_care_-_other_birth_event_cds;cds_v6-2_type_160_-_admitted_patient_care_-_other_delivery_event_cds;cds_v6-2_type_170_-_admitted_patient_care_-_detained_and_or_long_term_psychiatric_census_cds;cds_v6-2_type_180_-_admitted_patient_care_-_unfinished_birth_episode_cds;cds_v6-2_type_190_-_admitted_patient_care_-_unfinished_general_episode_cds;cds_v6-2_type_200_-_admitted_patient_care_-_unfinished_delivery_episode_cds;cds_v6-3_type_020_-_outpatient_cds;cds_v6-3_type_120_-_admitted_patient_care_-_finished_birth_episode_cds;cds_v6-3_type_130_-_admitted_patient_care_-_finished_general_episode_cds;cds_v6-3_type_140_-_admitted_patient_care_-_finished_delivery_episode_cds;cds_v6-3_type_150_-_admitted_patient_care_-_other_birth_event_cds;cds_v6-3_type_160_-_admitted_patient_care_-_other_delivery_event_cds;cds_v6-3_type_180_-_admitted_patient_care_-_unfinished_birth_episode_cds;cds_v6-3_type_190_-_admitted_patient_care_-_unfinished_general_episode_cds;cds_v6-3_type_200_-_admitted_patient_care_-_unfinished_delivery_episode_cds,1900-01-01T00:00:00.000000+00:00,,true,3,2026-09-12T21:50:58.303823+00:00,databot,,
59,nhs_dd_cds,first_attendance_code,first_attendance,FIRST ATTENDANCE CODE,FIRST ATTENDANCE,,https://www.datadictionary.nhs.uk/data_elements/first_attendance_code.html,cds_v6-2_type_020_-_outpatient_cds;cds_v6-2_type_021_-_future_outpatient_cds;cds_v6-3_type_020_-_outpatient_cds,1900-01-01T00:00:00.000000+00:00,,true,3,2026-09-12T21:50:58.303823+00:00,databot,,
60,nhs_dd_cds,first_regular_day_or_night_admission_code,first_regular_day_or_night_admission,FIRST REGULAR DAY OR NIGHT ADMISSION CODE,FIRST REGULAR DAY OR NIGHT ADMISSION,,https://www.datadictionary.nhs.uk/data_elements/first_regular_day_or_night_admission_code.html,cds_v6-2_type_130_-_admitted_patient_care_-_finished_general_episode_cds;cds_v6-2_type_190_-_admitted_patient_care_-_unfinished_general_episode_cds;cds_v6-3_type_130_-_admitted_patient_care_-_finished_general_episode_cds;cds_v6-3_type_190_-_admitted_patient_care_-_unfinished_general_episode_cds,1900-01-01T00:00:00.000000+00:00,,true,3,2026-09-12T21:50:58.303823+00:00,databot,,
61,nhs_dd_cds,intended_age_group,age_group_intended,INTENDED AGE GROUP,AGE GROUP INTENDED,,https://www.datadictionary.nhs.uk/data_elements/intended_age_group.html,cds_v6-2_type_120_-_admitted_patient_care_-_finished_birth_episode_cds;cds_v6-2_type_130_-_admitted_patient_care_-_finished_general_episode_cds;cds_v6-2_type_140_-_admitted_patient_care_-_finished_delivery_episode_cds;cds_v6-2_type_170_-_admitted_patient_care_-_detained_and_or_long_term_psychiatric_census_cds;cds_v6-2_type_180_-_admitted_patient_care_-_unfinished_birth_episode_cds;cds_v6-2_type_190_-_admitted_patient_care_-_unfinished_general_episode_cds;cds_v6-2_type_200_-_admitted_patient_care_-_unfinished_delivery_episode_cds,1900-01-01T00:00:00.000000+00:00,,true,3,2026-09-12T21:50:58.303823+00:00,databot,,
62,nhs_dd_cds,intended_clinical_care_intensity_code,clinical_care_intensity,INTENDED CLINICAL CARE INTENSITY CODE,CLINICAL CARE INTENSITY,,https://www.datadictionary.nhs.uk/data_elements/intended_clinical_care_intensity_code.html,cds_v6-2_type_120_-_admitted_patient_care_-_finished_birth_episode_cds;cds_v6-2_type_130_-_admitted_patient_care_-_finished_general_episode_cds;cds_v6-2_type_140_-_admitted_patient_care_-_finished_delivery_episode_cds;cds_v6-2_type_170_-_admitted_patient_care_-_detained_and_or_long_term_psychiatric_census_cds;cds_v6-2_type_180_-_admitted_patient_care_-_unfinished_birth_episode_cds;cds_v6-2_type_190_-_admitted_patient_care_-_unfinished_general_episode_cds;cds_v6-2_type_200_-_admitted_patient_care_-_unfinished_delivery_episode_cds,1900-01-01T00:00:00.000000+00:00,,true,3,2026-09-12T21:50:58.303823+00:00,databot,,
63,nhs_dd_cds,intended_management_code,intended_management,INTENDED MANAGEMENT CODE,INTENDED MANAGEMENT,,https://www.datadictionary.nhs.uk/data_elements/intended_management_code.html,cds_v6-2_type_030_-_elective_admission_list_-_end_of_period_census_standard_cds;cds_v6-2_type_050_-_elective_admission_list_-_end_of_period_census_new_cds;cds_v6-2_type_060_-_elective_admission_list_-_event_during_period_add_cds;cds_v6-2_type_110_-_elective_admission_list_-_event_during_period_new_service_agreement_cds;cds_v6-2_type_130_-_admitted_patient_care_-_finished_general_episode_cds;cds_v6-2_type_170_-_admitted_patient_care_-_detained_and_or_long_term_psychiatric_census_cds;cds_v6-2_type_190_-_admitted_patient_care_-_unfinished_general_episode_cds;cds_v6-3_type_130_-_admitted_patient_care_-_finished_general_episode_cds;cds_v6-3_type_190_-_admitted_patient_care_-_unfinished_general_episode_cds,1900-01-01T00:00:00.000000+00:00,,true,3,2026-09-12T21:50:58.303823+00:00,databot,,
64,nhs_dd_cds,intended_procedure_status_code,intended_procedure_status_code,INTENDED PROCEDURE STATUS CODE,,,https://www.datadictionary.nhs.uk/data_elements/intended_procedure_status_code.html,cds_v6-2_type_030_-_elective_admission_list_-_end_of_period_census_standard_cds;cds_v6-2_type_050_-_elective_admission_list_-_end_of_period_census_new_cds;cds_v6-2_type_060_-_elective_admission_list_-_event_during_period_add_cds;cds_v6-2_type_110_-_elective_admission_list_-_event_during_period_new_service_agreement_cds,1900-01-01T00:00:00.000000+00:00,,true,3,2026-09-12T21:50:58.303823+00:00,databot,,
65,nhs_dd_cds,labour_or_delivery_onset_method_code,labour_or_delivery_onset_method,LABOUR OR DELIVERY ONSET METHOD CODE,LABOUR OR DELIVERY ONSET METHOD,,https://www.datadictionary.nhs.uk/data_elements/labour_or_delivery_onset_method_code.html,cds_v6-2_type_120_-_admitted_patient_care_-_finished_birth_episode_cds;cds_v6-2_type_140_-_admitted_patient_care_-_finished_delivery_episode_cds;cds_v6-2_type_150_-_admitted_patient_care_-_other_birth_event_cds;cds_v6-2_type_160_-_admitted_patient_care_-_other_delivery_event_cds;cds_v6-2_type_180_-_admitted_patient_care_-_unfinished_birth_episode_cds;cds_v6-2_type_200_-_admitted_patient_care_-_unfinished_delivery_episode_cds;cds_v6-3_type_120_-_admitted_patient_care_-_finished_birth_episode_cds;cds_v6-3_type_140_-_admitted_patient_care_-_finished_delivery_episode_cds;cds_v6-3_type_150_-_admitted_patient_care_-_other_birth_event_cds;cds_v6-3_type_160_-_admitted_patient_care_-_other_delivery_event_cds;cds_v6-3_type_180_-_admitted_patient_care_-_unfinished_birth_episode_cds;cds_v6-3_type_200_-_admitted_patient_care_-_unfinished_delivery_episode_cds,1900-01-01T00:00:00.000000+00:00,,true,3,2026-09-12T21:50:58.303823+00:00,databot,,
66,nhs_dd_cds,last_episode_in_spell_indicator_code,last_episode_in_spell_indicator_code,LAST EPISODE IN SPELL INDICATOR CODE,LAST EPISODE IN SPELL INDICATOR CODE,,https://www.datadictionary.nhs.uk/data_elements/last_episode_in_spell_indicator_code.html,cds_v6-2_type_120_-_admitted_patient_care_-_finished_birth_episode_cds;cds_v6-2_type_130_-_admitted_patient_care_-_finished_general_episode_cds;cds_v6-2_type_140_-_admitted_patient_care_-_finished_delivery_episode_cds;cds_v6-2_type_180_-_admitted_patient_care_-_unfinished_birth_episode_cds;cds_v6-2_type_190_-_admitted_patient_care_-_unfinished_general_episode_cds;cds_v6-2_type_200_-_admitted_patient_care_-_unfinished_delivery_episode_cds;cds_v6-3_type_120_-_admitted_patient_care_-_finished_birth_episode_cds;cds_v6-3_type_130_-_admitted_patient_care_-_finished_general_episode_cds;cds_v6-3_type_140_-_admitted_patient_care_-_finished_delivery_episode_cds;cds_v6-3_type_180_-_admitted_patient_care_-_unfinished_birth_episode_cds;cds_v6-3_type_190_-_admitted_patient_care_-_unfinished_general_episode_cds;cds_v6-3_type_200_-_admitted_patient_care_-_unfinished_delivery_episode_cds,1900-01-01T00:00:00.000000+00:00,,true,3,2026-09-12T21:50:58.303823+00:00,databot,,
67,nhs_dd_cds,live_or_still_birth_code,live_or_still_birth,LIVE OR STILL BIRTH CODE,LIVE OR STILL BIRTH,,https://www.datadictionary.nhs.uk/data_elements/live_or_still_birth_code.html,cds_v6-2_type_120_-_admitted_patient_care_-_finished_birth_episode_cds;cds_v6-2_type_140_-_admitted_patient_care_-_finished_delivery_episode_cds;cds_v6-2_type_150_-_admitted_patient_care_-_other_birth_event_cds;cds_v6-2_type_160_-_admitted_patient_care_-_other_delivery_event_cds;cds_v6-2_type_180_-_admitted_patient_care_-_unfinished_birth_episode_cds;cds_v6-2_type_200_-_admitted_patient_care_-_unfinished_delivery_episode_cds;cds_v6-3_type_120_-_admitted_patient_care_-_finished_birth_episode_cds;cds_v6-3_type_140_-_admitted_patient_care_-_finished_delivery_episode_cds;cds_v6-3_type_150_-_admitted_patient_care_-_other_birth_event_cds;cds_v6-3_type_160_-_admitted_patient_care_-_other_delivery_event_cds;cds_v6-3_type_180_-_admitted_patient_care_-_unfinished_birth_episode_cds;cds_v6-3_type_200_-_admitted_patient_care_-_unfinished_delivery_episode_cds,1900-01-01T00:00:00.000000+00:00,,true,3,2026-09-12T21:50:58.303823+00:00,databot,,
68,nhs_dd_cds,location_class,location_class,LOCATION CLASS,LOCATION CLASS,,https://www.datadictionary.nhs.uk/data_elements/location_class.html,cds_v6-2_type_020_-_outpatient_cds;cds_v6-2_type_021_-_future_outpatient_cds;cds_v6-2_type_030_-_elective_admission_list_-_end_of_period_census_standard_cds;cds_v6-2_type_050_-_elective_admission_list_-_end_of_period_census_new_cds;cds_v6-2_type_060_-_elective_admission_list_-_event_during_period_add_cds;cds_v6-2_type_110_-_elective_admission_list_-_event_during_period_new_service_agreement_cds;cds_v6-2_type_120_-_admitted_patient_care_-_finished_birth_episode_cds;cds_v6-2_type_130_-_admitted_patient_care_-_finished_general_episode_cds;cds_v6-2_type_140_-_admitted_patient_care_-_finished_delivery_episode_cds;cds_v6-2_type_150_-_admitted_patient_care_-_other_birth_event_cds;cds_v6-2_type_160_-_admitted_patient_care_-_other_delivery_event_cds;cds_v6-2_type_170_-_admitted_patient_care_-_detained_and_or_long_term_psychiatric_census_cds;cds_v6-2_type_180_-_admitted_patient_care_-_unfinished_birth_episode_cds;cds_v6-2_type_190_-_admitted_patient_care_-_unfinished_general_episode_cds;cds_v6-2_type_200_-_admitted_patient_care_-_unfinished_delivery_episode_cds,1900-01-01T00:00:00.000000+00:00,,true,3,2026-09-12T21:50:58.303823+00:00,databot,,
69,nhs_dd_cds,medical_staff_type_seeing_patient,medical_staff_type_seeing_patient,MEDICAL STAFF TYPE SEEING PATIENT,MEDICAL STAFF TYPE SEEING PATIENT,,https://www.datadictionary.nhs.uk/data_elements/medical_staff_type_seeing_patient.html,cds_v6-2_type_020_-_outpatient_cds;cds_v6-2_type_021_-_future_outpatient_cds,1900-01-01T00:00:00.000000+00:00,,true,3,2026-09-12T21:50:58.303823+00:00,databot,,
70,nhs_dd_cds,mental_health_act_2007_mental_category,mental_health_act_2007_mental_category,MENTAL HEALTH ACT 2007 MENTAL CATEGORY,MENTAL HEALTH ACT 2007 MENTAL CATEGORY,,https://www.datadictionary.nhs.uk/data_elements/mental_health_act_2007_mental_category.html,cds_v6-2_type_170_-_admitted_patient_care_-_detained_and_or_long_term_psychiatric_census_cds,1900-01-01T00:00:00.000000+00:00,,true,3,2026-09-12T21:50:58.303823+00:00,databot,,
71,nhs_dd_cds,mental_health_act_legal_status_classification_code,mental_health_act_legal_status_classification_code,MENTAL HEALTH ACT LEGAL STATUS CLASSIFICATION CODE,MENTAL HEALTH ACT LEGAL STATUS CLASSIFICATION CODE,,https://www.datadictionary.nhs.uk/data_elements/mental_health_act_legal_status_classification_code.html,cds_v6-2-3_type_011_-_emergency_care_cds,1900-01-01T00:00:00.000000+00:00,,true,3,2026-09-12T21:50:58.303823+00:00,databot,,
72,nhs_dd_cds,mental_health_act_legal_status_classification_code_at_census_date,mental_health_act_legal_status_classification_code_at_censu,MENTAL HEALTH ACT LEGAL STATUS CLASSIFICATION CODE (AT CENSUS DATE),,,https://www.datadictionary.nhs.uk/data_elements/mental_health_act_legal_status_classification_code_at_census_date.html,cds_v6-2_type_170_-_admitted_patient_care_-_detained_and_or_long_term_psychiatric_census_cds,1900-01-01T00:00:00.000000+00:00,,true,3,2026-09-12T21:50:58.303823+00:00,databot,,
73,nhs_dd_cds,mental_health_act_legal_status_classification_code_on_admission,mental_health_act_legal_status_classification_code_on_admis,MENTAL HEALTH ACT LEGAL STATUS CLASSIFICATION CODE (ON ADMISSION),,,https://www.datadictionary.nhs.uk/data_elements/mental_health_act_legal_status_classification_code_on_admission.html,cds_v6-2_type_130_-_admitted_patient_care_-_finished_general_episode_cds;cds_v6-2_type_140_-_admitted_patient_care_-_finished_delivery_episode_cds;cds_v6-2_type_170_-_admitted_patient_care_-_detained_and_or_long_term_psychiatric_census_cds;cds_v6-2_type_190_-_admitted_patient_care_-_unfinished_general_episode_cds;cds_v6-2_type_200_-_admitted_patient_care_-_unfinished_delivery_episode_cds;cds_v6-3_type_130_-_admitted_patient_care_-_finished_general_episode_cds;cds_v6-3_type_140_-_admitted_patient_care_-_finished_delivery_episode_cds;cds_v6-3_type_190_-_admitted_patient_care_-_unfinished_general_episode_cds;cds_v6-3_type_200_-_admitted_patient_care_-_unfinished_delivery_episode_cds,1900-01-01T00:00:00.000000+00:00,,true,3,2026-09-12T21:50:58.303823+00:00,databot,,
74,nhs_dd_cds,method_of_admission_hospital_provider_spell,method_of_admission,METHOD OF ADMISSION (HOSPITAL PROVIDER SPELL),METHOD OF ADMISSION,METHOD OF ADMISSION (HOSPITAL PROVIDER SPELL),https://www.datadictionary.nhs.uk/data_elements/method_of_admission_hospital_provider_spell.html,cds_v6-3_type_120_-_admitted_patient_care_-_finished_birth_episode_cds;cds_v6-3_type_130_-_admitted_patient_care_-_finished_general_episode_cds;cds_v6-3_type_140_-_admitted_patient_care_-_finished_delivery_episode_cds;cds_v6-3_type_180_-_admitted_patient_care_-_unfinished_birth_episode_cds;cds_v6-3_type_190_-_admitted_patient_care_-_unfinished_general_episode_cds;cds_v6-3_type_200_-_admitted_patient_care_-_unfinished_delivery_episode_cds,1900-01-01T00:00:00.000000+00:00,2026-09-12T21:55:57.028191+00:00,false,3,2026-09-12T21:50:58.303823+00:00,databot,2026-09-12T21:55:57.028191+00:00,databot
131,nhs_dd_cds,method_of_admission_hospital_provider_spell,method_of_admission,METHOD OF ADMISSION (HOSPITAL PROVIDER SPELL),METHOD OF ADMISSION,,https://www.datadictionary.nhs.uk/data_elements/method_of_admission_hospital_provider_spell.html,cds_v6-3_type_120_-_admitted_patient_care_-_finished_birth_episode_cds;cds_v6-3_type_130_-_admitted_patient_care_-_finished_general_episode_cds;cds_v6-3_type_140_-_admitted_patient_care_-_finished_delivery_episode_cds;cds_v6-3_type_180_-_admitted_patient_care_-_unfinished_birth_episode_cds;cds_v6-3_type_190_-_admitted_patient_care_-_unfinished_general_episode_cds;cds_v6-3_type_200_-_admitted_patient_care_-_unfinished_delivery_episode_cds,2026-09-12T21:55:57.028191+00:00,,true,4,2026-09-12T21:55:57.028191+00:00,databot,,
75,nhs_dd_cds,method_of_discharge_hospital_provider_spell,method_of_discharge,METHOD OF DISCHARGE (HOSPITAL PROVIDER SPELL),METHOD OF DISCHARGE,METHOD OF DISCHARGE (HOSPITAL PROVIDER SPELL),https://www.datadictionary.nhs.uk/data_elements/method_of_discharge_hospital_provider_spell.html,cds_v6-3_type_120_-_admitted_patient_care_-_finished_birth_episode_cds;cds_v6-3_type_130_-_admitted_patient_care_-_finished_general_episode_cds;cds_v6-3_type_140_-_admitted_patient_care_-_finished_delivery_episode_cds;cds_v6-3_type_180_-_admitted_patient_care_-_unfinished_birth_episode_cds;cds_v6-3_type_190_-_admitted_patient_care_-_unfinished_general_episode_cds;cds_v6-3_type_200_-_admitted_patient_care_-_unfinished_delivery_episode_cds,1900-01-01T00:00:00.000000+00:00,2026-09-12T21:55:57.028191+00:00,false,3,2026-09-12T21:50:58.303823+00:00,databot,2026-09-12T21:55:57.028191+00:00,databot
132,nhs_dd_cds,method_of_discharge_hospital_provider_spell,method_of_discharge,METHOD OF DISCHARGE (HOSPITAL PROVIDER SPELL),METHOD OF DISCHARGE,,https://www.datadictionary.nhs.uk/data_elements/method_of_discharge_hospital_provider_spell.html,cds_v6-3_type_120_-_admitted_patient_care_-_finished_birth_episode_cds;cds_v6-3_type_130_-_admitted_patient_care_-_finished_general_episode_cds;cds_v6-3_type_140_-_admitted_patient_care_-_finished_delivery_episode_cds;cds_v6-3_type_180_-_admitted_patient_care_-_unfinished_birth_episode_cds;cds_v6-3_type_190_-_admitted_patient_care_-_unfinished_general_episode_cds;cds_v6-3_type_200_-_admitted_patient_care_-_unfinished_delivery_episode_cds,2026-09-12T21:55:57.028191+00:00,,true,4,2026-09-12T21:55:57.028191+00:00,databot,,
76,nhs_dd_cds,multi-professional_or_multi-disciplinary_indication_code_national_tariff_payment_system,multi_professional_or_multi_disciplinary_indication_code,MULTI-PROFESSIONAL OR MULTI-DISCIPLINARY INDICATION CODE (NATIONAL TARIFF PAYMENT SYSTEM),MULTI-PROFESSIONAL OR MULTI-DISCIPLINARY INDICATION CODE,,https://www.datadictionary.nhs.uk/data_elements/multi-professional_or_multi-disciplinary_indication_code_national_tariff_payment_system.html,cds_v6-3_type_020_-_outpatient_cds,1900-01-01T00:00:00.000000+00:00,,true,3,2026-09-12T21:50:58.303823+00:00,databot,,
77,nhs_dd_cds,multi-professional_or_multi-disciplinary_indication_code_payment_by_results,multi_professional_or_multi_disciplinary_indication_code,MULTI-PROFESSIONAL OR MULTI-DISCIPLINARY INDICATION CODE (PAYMENT BY RESULTS),MULTI-PROFESSIONAL OR MULTI-DISCIPLINARY INDICATION CODE,,https://www.datadictionary.nhs.uk/data_elements/multi-professional_or_multi-disciplinary_indication_code_payment_by_results.html,cds_v6-2_type_020_-_outpatient_cds;cds_v6-2_type_021_-_future_outpatient_cds;cds_v6-2_type_130_-_admitted_patient_care_-_finished_general_episode_cds;cds_v6-2_type_140_-_admitted_patient_care_-_finished_delivery_episode_cds;cds_v6-2_type_190_-_admitted_patient_care_-_unfinished_general_episode_cds;cds_v6-2_type_200_-_admitted_patient_care_-_unfinished_delivery_episode_cds,1900-01-01T00:00:00.000000+00:00,,true,3,2026-09-12T21:50:58.303823+00:00,databot,,
78,nhs_dd_cds,neonatal_level_of_care_code,neonatal_level_of_care,NEONATAL LEVEL OF CARE CODE,NEONATAL LEVEL OF CARE,,https://www.datadictionary.nhs.uk/data_elements/neonatal_level_of_care_code.html,cds_v6-2_type_120_-_admitted_patient_care_-_finished_birth_episode_cds;cds_v6-2_type_130_-_admitted_patient_care_-_finished_general_episode_cds;cds_v6-2_type_180_-_admitted_patient_care_-_unfinished_birth_episode_cds;cds_v6-2_type_190_-_admitted_patient_care_-_unfinished_general_episode_cds;cds_v6-3_type_120_-_admitted_patient_care_-_finished_birth_episode_cds;cds_v6-3_type_130_-_admitted_patient_care_-_finished_general_episode_cds;cds_v6-3_type_180_-_admitted_patient_care_-_unfinished_birth_episode_cds;cds_v6-3_type_190_-_admitted_patient_care_-_unfinished_general_episode_cds,1900-01-01T00:00:00.000000+00:00,,true,3,2026-09-12T21:50:58.303823+00:00,databot,,
79,nhs_dd_cds,nhs_number_status_indicator_code,nhs_number_status_indicator_code,NHS NUMBER STATUS INDICATOR CODE,NHS NUMBER STATUS INDICATOR CODE,,https://www.datadictionary.nhs.uk/data_elements/nhs_number_status_indicator_code.html,cds_v6-2-3_type_011_-_emergency_care_cds;cds_v6-2_type_020_-_outpatient_cds;cds_v6-2_type_021_-_future_outpatient_cds;cds_v6-2_type_030_-_elective_admission_list_-_end_of_period_census_standard_cds;cds_v6-2_type_050_-_elective_admission_list_-_end_of_period_census_new_cds;cds_v6-2_type_060_-_elective_admission_list_-_event_during_period_add_cds;cds_v6-2_type_110_-_elective_admission_list_-_event_during_period_new_service_agreement_cds;cds_v6-2_type_120_-_admitted_patient_care_-_finished_birth_episode_cds;cds_v6-2_type_130_-_admitted_patient_care_-_finished_general_episode_cds;cds_v6-2_type_140_-_admitted_patient_care_-_finished_delivery_episode_cds;cds_v6-2_type_150_-_admitted_patient_care_-_other_birth_event_cds;cds_v6-2_type_160_-_admitted_patient_care_-_other_delivery_event_cds;cds_v6-2_type_170_-_admitted_patient_care_-_detained_and_or_long_term_psychiatric_census_cds;cds_v6-2_type_180_-_admitted_patient_care_-_unfinished_birth_episode_cds;cds_v6-2_type_190_-_admitted_patient_care_-_unfinished_general_episode_cds;cds_v6-2_type_200_-_admitted_patient_care_-_unfinished_delivery_episode_cds;cds_v6-3_type_020_-_outpatient_cds;cds_v6-3_type_120_-_admitted_patient_care_-_finished_birth_episode_cds;cds_v6-3_type_130_-_admitted_patient_care_-_finished_general_episode_cds;cds_v6-3_type_140_-_admitted_patient_care_-_finished_delivery_episode_cds;cds_v6-3_type_150_-_admitted_patient_care_-_other_birth_event_cds;cds_v6-3_type_160_-_admitted_patient_care_-_other_delivery_event_cds;cds_v6-3_type_180_-_admitted_patient_care_-_unfinished_birth_episode_cds;cds_v6-3_type_190_-_admitted_patient_care_-_unfinished_general_episode_cds;cds_v6-3_type_200_-_admitted_patient_care_-_unfinished_delivery_episode_cds,1900-01-01T00:00:00.000000+00:00,,true,3,2026-09-12T21:50:58.303823+00:00,databot,,
80,nhs_dd_cds,nhs_number_status_indicator_code_baby,nhs_number_status_indicator_code,NHS NUMBER STATUS INDICATOR CODE (BABY),NHS NUMBER STATUS INDICATOR CODE,,https://www.datadictionary.nhs.uk/data_elements/nhs_number_status_indicator_code_baby.html,cds_v6-2_type_140_-_admitted_patient_care_-_finished_delivery_episode_cds;cds_v6-2_type_160_-_admitted_patient_care_-_other_delivery_event_cds;cds_v6-2_type_200_-_admitted_patient_care_-_unfinished_delivery_episode_cds;cds_v6-3_type_140_-_admitted_patient_care_-_finished_delivery_episode_cds;cds_v6-3_type_160_-_admitted_patient_care_-_other_delivery_event_cds;cds_v6-3_type_200_-_admitted_patient_care_-_unfinished_delivery_episode_cds,1900-01-01T00:00:00.000000+00:00,,true,3,2026-09-12T21:50:58.303823+00:00,databot,,
81,nhs_dd_cds,nhs_number_status_indicator_code_mother,nhs_number_status_indicator_code,NHS NUMBER STATUS INDICATOR CODE (MOTHER),NHS NUMBER STATUS INDICATOR CODE,,https://www.datadictionary.nhs.uk/data_elements/nhs_number_status_indicator_code_mother.html,cds_v6-2_type_120_-_admitted_patient_care_-_finished_birth_episode_cds;cds_v6-2_type_150_-_admitted_patient_care_-_other_birth_event_cds;cds_v6-2_type_180_-_admitted_patient_care_-_unfinished_birth_episode_cds;cds_v6-3_type_120_-_admitted_patient_care_-_finished_birth_episode_cds;cds_v6-3_type_150_-_admitted_patient_care_-_other_birth_event_cds;cds_v6-3_type_180_-_admitted_patient_care_-_unfinished_birth_episode_cds,1900-01-01T00:00:00.000000+00:00,,true,3,2026-09-12T21:50:58.303823+00:00,databot,,
82,nhs_dd_cds,number_of_babies_indication_code,number_of_babies_indication_code,NUMBER OF BABIES INDICATION CODE,NUMBER OF BABIES INDICATION CODE,,https://www.datadictionary.nhs.uk/data_elements/number_of_babies_indication_code.html,cds_v6-2_type_120_-_admitted_patient_care_-_finished_birth_episode_cds;cds_v6-2_type_140_-_admitted_patient_care_-_finished_delivery_episode_cds;cds_v6-2_type_150_-_admitted_patient_care_-_other_birth_event_cds;cds_v6-2_type_160_-_admitted_patient_care_-_other_delivery_event_cds;cds_v6-2_type_180_-_admitted_patient_care_-_unfinished_birth_episode_cds;cds_v6-2_type_200_-_admitted_patient_care_-_unfinished_delivery_episode_cds;cds_v6-3_type_120_-_admitted_patient_care_-_finished_birth_episode_cds;cds_v6-3_type_140_-_admitted_patient_care_-_finished_delivery_episode_cds;cds_v6-3_type_150_-_admitted_patient_care_-_other_birth_event_cds;cds_v6-3_type_160_-_admitted_patient_care_-_other_delivery_event_cds;cds_v6-3_type_180_-_admitted_patient_care_-_unfinished_birth_episode_cds;cds_v6-3_type_200_-_admitted_patient_care_-_unfinished_delivery_episode_cds,1900-01-01T00:00:00.000000+00:00,,true,3,2026-09-12T21:50:58.303823+00:00,databot,,
83,nhs_dd_cds,operation_status_code,operation_status_code,OPERATION STATUS CODE,OPERATION STATUS CODE,,https://www.datadictionary.nhs.uk/data_elements/operation_status_code.html,cds_v6-2_type_020_-_outpatient_cds;cds_v6-2_type_021_-_future_outpatient_cds;cds_v6-2_type_120_-_admitted_patient_care_-_finished_birth_episode_cds;cds_v6-2_type_130_-_admitted_patient_care_-_finished_general_episode_cds;cds_v6-2_type_140_-_admitted_patient_care_-_finished_delivery_episode_cds;cds_v6-2_type_180_-_admitted_patient_care_-_unfinished_birth_episode_cds;cds_v6-2_type_190_-_admitted_patient_care_-_unfinished_general_episode_cds;cds_v6-2_type_200_-_admitted_patient_care_-_unfinished_delivery_episode_cds,1900-01-01T00:00:00.000000+00:00,,true,3,2026-09-12T21:50:58.303823+00:00,databot,,
84,nhs_dd_cds,organ_system_supported,organ_system_supported,ORGAN SYSTEM SUPPORTED,ORGAN SYSTEM SUPPORTED,,https://www.datadictionary.nhs.uk/data_elements/organ_system_supported.html,cds_v6-3_type_120_-_admitted_patient_care_-_finished_birth_episode_cds;cds_v6-3_type_130_-_admitted_patient_care_-_finished_general_episode_cds;cds_v6-3_type_140_-_admitted_patient_care_-_finished_delivery_episode_cds;cds_v6-3_type_180_-_admitted_patient_care_-_unfinished_birth_episode_cds;cds_v6-3_type_190_-_admitted_patient_care_-_unfinished_general_episode_cds;cds_v6-3_type_200_-_admitted_patient_care_-_unfinished_delivery_episode_cds,1900-01-01T00:00:00.000000+00:00,,true,3,2026-09-12T21:50:58.303823+00:00,databot,,
85,nhs_dd_cds,out-patient_attendance_outcome,out_patient_attendance_outcome,OUT-PATIENT ATTENDANCE OUTCOME,OUT-PATIENT ATTENDANCE OUTCOME,,https://www.datadictionary.nhs.uk/data_elements/out-patient_attendance_outcome.html,cds_v6-3_type_020_-_outpatient_cds,1900-01-01T00:00:00.000000+00:00,,true,3,2026-09-12T21:50:58.303823+00:00,databot,,
86,nhs_dd_cds,outcome_of_attendance_code,outcome_of_attendance,OUTCOME OF ATTENDANCE CODE,OUTCOME OF ATTENDANCE,,https://www.datadictionary.nhs.uk/data_elements/outcome_of_attendance_code.html,cds_v6-2_type_020_-_outpatient_cds;cds_v6-2_type_021_-_future_outpatient_cds,1900-01-01T00:00:00.000000+00:00,,true,3,2026-09-12T21:50:58.303823+00:00,databot,,
87,nhs_dd_cds,overseas_visitor_charging_category,overseas_visitor_charging_category,OVERSEAS VISITOR CHARGING CATEGORY,OVERSEAS VISITOR CHARGING CATEGORY,,https://www.datadictionary.nhs.uk/data_elements/overseas_visitor_charging_category.html,cds_v6-3_type_120_-_admitted_patient_care_-_finished_birth_episode_cds;cds_v6-3_type_130_-_admitted_patient_care_-_finished_general_episode_cds;cds_v6-3_type_140_-_admitted_patient_care_-_finished_delivery_episode_cds;cds_v6-3_type_180_-_admitted_patient_care_-_unfinished_birth_episode_cds;cds_v6-3_type_190_-_admitted_patient_care_-_unfinished_general_episode_cds;cds_v6-3_type_200_-_admitted_patient_care_-_unfinished_delivery_episode_cds,1900-01-01T00:00:00.000000+00:00,,true,3,2026-09-12T21:50:58.303823+00:00,databot,,
88,nhs_dd_cds,overseas_visitor_charging_category_at_cds_activity_date,overseas_visitor_charging_category_at_cds_activity_date,OVERSEAS VISITOR CHARGING CATEGORY AT CDS ACTIVITY DATE,,,https://www.datadictionary.nhs.uk/data_elements/overseas_visitor_charging_category_at_cds_activity_date.html,cds_v6-2-3_type_011_-_emergency_care_cds;cds_v6-3_type_020_-_outpatient_cds;cds_v6-3_type_120_-_admitted_patient_care_-_finished_birth_episode_cds;cds_v6-3_type_140_-_admitted_patient_care_-_finished_delivery_episode_cds;cds_v6-3_type_150_-_admitted_patient_care_-_other_birth_event_cds;cds_v6-3_type_160_-_admitted_patient_care_-_other_delivery_event_cds;cds_v6-3_type_180_-_admitted_patient_care_-_unfinished_birth_episode_cds;cds_v6-3_type_200_-_admitted_patient_care_-_unfinished_delivery_episode_cds,1900-01-01T00:00:00.000000+00:00,,true,3,2026-09-12T21:50:58.303823+00:00,databot,,
89,nhs_dd_cds,overseas_visitor_status_classification,overseas_visitor_status_classification,OVERSEAS VISITOR STATUS CLASSIFICATION,OVERSEAS VISITOR STATUS CLASSIFICATION,,https://www.datadictionary.nhs.uk/data_elements/overseas_visitor_status_classification.html,cds_v6-2_type_120_-_admitted_patient_care_-_finished_birth_episode_cds;cds_v6-2_type_130_-_admitted_patient_care_-_finished_general_episode_cds;cds_v6-2_type_140_-_admitted_patient_care_-_finished_delivery_episode_cds;cds_v6-2_type_170_-_admitted_patient_care_-_detained_and_or_long_term_psychiatric_census_cds;cds_v6-2_type_180_-_admitted_patient_care_-_unfinished_birth_episode_cds;cds_v6-2_type_190_-_admitted_patient_care_-_unfinished_general_episode_cds;cds_v6-2_type_200_-_admitted_patient_care_-_unfinished_delivery_episode_cds,1900-01-01T00:00:00.000000+00:00,,true,3,2026-09-12T21:50:58.303823+00:00,databot,,
90,nhs_dd_cds,overseas_visitor_status_classification_at_cds_activity_date,overseas_visitor_status_classification_at_cds_activity_date,OVERSEAS VISITOR STATUS CLASSIFICATION AT CDS ACTIVITY DATE,,,https://www.datadictionary.nhs.uk/data_elements/overseas_visitor_status_classification_at_cds_activity_date.html,cds_v6-2_type_020_-_outpatient_cds;cds_v6-2_type_021_-_future_outpatient_cds;cds_v6-2_type_030_-_elective_admission_list_-_end_of_period_census_standard_cds;cds_v6-2_type_050_-_elective_admission_list_-_end_of_period_census_new_cds;cds_v6-2_type_060_-_elective_admission_list_-_event_during_period_add_cds;cds_v6-2_type_110_-_elective_admission_list_-_event_during_period_new_service_agreement_cds;cds_v6-2_type_120_-_admitted_patient_care_-_finished_birth_episode_cds;cds_v6-2_type_140_-_admitted_patient_care_-_finished_delivery_episode_cds;cds_v6-2_type_150_-_admitted_patient_care_-_other_birth_event_cds;cds_v6-2_type_160_-_admitted_patient_care_-_other_delivery_event_cds;cds_v6-2_type_180_-_admitted_patient_care_-_unfinished_birth_episode_cds;cds_v6-2_type_200_-_admitted_patient_care_-_unfinished_delivery_episode_cds,1900-01-01T00:00:00.000000+00:00,,true,3,2026-09-12T21:50:58.303823+00:00,databot,,
91,nhs_dd_cds,patient_classification_code,patient_classification,PATIENT CLASSIFICATION CODE,PATIENT CLASSIFICATION,,https://www.datadictionary.nhs.uk/data_elements/patient_classification_code.html,cds_v6-2_type_120_-_admitted_patient_care_-_finished_birth_episode_cds;cds_v6-2_type_130_-_admitted_patient_care_-_finished_general_episode_cds;cds_v6-2_type_140_-_admitted_patient_care_-_finished_delivery_episode_cds;cds_v6-2_type_170_-_admitted_patient_care_-_detained_and_or_long_term_psychiatric_census_cds;cds_v6-2_type_180_-_admitted_patient_care_-_unfinished_birth_episode_cds;cds_v6-2_type_190_-_admitted_patient_care_-_unfinished_general_episode_cds;cds_v6-2_type_200_-_admitted_patient_care_-_unfinished_delivery_episode_cds;cds_v6-3_type_120_-_admitted_patient_care_-_finished_birth_episode_cds;cds_v6-3_type_130_-_admitted_patient_care_-_finished_general_episode_cds;cds_v6-3_type_140_-_admitted_patient_care_-_finished_delivery_episode_cds;cds_v6-3_type_180_-_admitted_patient_care_-_unfinished_birth_episode_cds;cds_v6-3_type_190_-_admitted_patient_care_-_unfinished_general_episode_cds;cds_v6-3_type_200_-_admitted_patient_care_-_unfinished_delivery_episode_cds,1900-01-01T00:00:00.000000+00:00,,true,3,2026-09-12T21:50:58.303823+00:00,databot,,
92,nhs_dd_cds,patient_on_patient_initiated_out-patient_follow_up_pathway_indicator_at_cds_activity_date,patient_on_patient_initiated_out_patient_follow_up_pathway_,PATIENT ON PATIENT INITIATED OUT-PATIENT FOLLOW UP PATHWAY INDICATOR AT CDS ACTIVITY DATE,PATIENT ON PATIENT INITIATED OUT-PATIENT FOLLOW UP PATHWAY INDICATOR,,https://www.datadictionary.nhs.uk/data_elements/patient_on_patient_initiated_out-patient_follow_up_pathway_indicator_at_cds_activity_date.html,cds_v6-3_type_020_-_outpatient_cds,1900-01-01T00:00:00.000000+00:00,,true,3,2026-09-12T21:50:58.303823+00:00,databot,,
93,nhs_dd_cds,patient_subject_to_remote_monitoring_indicator_at_cds_activity_date,patient_subject_to_remote_monitoring_indicator,PATIENT SUBJECT TO REMOTE MONITORING INDICATOR AT CDS ACTIVITY DATE,PATIENT SUBJECT TO REMOTE MONITORING INDICATOR,,https://www.datadictionary.nhs.uk/data_elements/patient_subject_to_remote_monitoring_indicator_at_cds_activity_date.html,cds_v6-3_type_020_-_outpatient_cds,1900-01-01T00:00:00.000000+00:00,,true,3,2026-09-12T21:50:58.303823+00:00,databot,,
94,nhs_dd_cds,person_gender_code_current,person_gender_code,PERSON GENDER CODE CURRENT,PERSON GENDER CODE,PERSON STATED GENDER CODE,https://www.datadictionary.nhs.uk/data_elements/person_gender_code_current.html,cds_v6-2_type_020_-_outpatient_cds;cds_v6-2_type_021_-_future_outpatient_cds;cds_v6-2_type_030_-_elective_admission_list_-_end_of_period_census_standard_cds;cds_v6-2_type_050_-_elective_admission_list_-_end_of_period_census_new_cds;cds_v6-2_type_060_-_elective_admission_list_-_event_during_period_add_cds;cds_v6-2_type_110_-_elective_admission_list_-_event_during_period_new_service_agreement_cds;cds_v6-2_type_120_-_admitted_patient_care_-_finished_birth_episode_cds;cds_v6-2_type_130_-_admitted_patient_care_-_finished_general_episode_cds;cds_v6-2_type_140_-_admitted_patient_care_-_finished_delivery_episode_cds;cds_v6-2_type_150_-_admitted_patient_care_-_other_birth_event_cds;cds_v6-2_type_160_-_admitted_patient_care_-_other_delivery_event_cds;cds_v6-2_type_170_-_admitted_patient_care_-_detained_and_or_long_term_psychiatric_census_cds;cds_v6-2_type_180_-_admitted_patient_care_-_unfinished_birth_episode_cds;cds_v6-2_type_190_-_admitted_patient_care_-_unfinished_general_episode_cds;cds_v6-2_type_200_-_admitted_patient_care_-_unfinished_delivery_episode_cds,1900-01-01T00:00:00.000000+00:00,,true,3,2026-09-12T21:50:58.303823+00:00,databot,,
95,nhs_dd_cds,person_gender_code_current_baby,person_gender_code_current_baby,PERSON GENDER CODE CURRENT (BABY),,,https://www.datadictionary.nhs.uk/data_elements/person_gender_code_current_baby.html,cds_v6-2_type_140_-_admitted_patient_care_-_finished_delivery_episode_cds;cds_v6-2_type_160_-_admitted_patient_care_-_other_delivery_event_cds;cds_v6-2_type_200_-_admitted_patient_care_-_unfinished_delivery_episode_cds,1900-01-01T00:00:00.000000+00:00,,true,3,2026-09-12T21:50:58.303823+00:00,databot,,
96,nhs_dd_cds,person_marital_status,person_marital_status,PERSON MARITAL STATUS,PERSON MARITAL STATUS,,https://www.datadictionary.nhs.uk/data_elements/person_marital_status.html,cds_v6-2_type_130_-_admitted_patient_care_-_finished_general_episode_cds;cds_v6-2_type_140_-_admitted_patient_care_-_finished_delivery_episode_cds;cds_v6-2_type_160_-_admitted_patient_care_-_other_delivery_event_cds;cds_v6-2_type_170_-_admitted_patient_care_-_detained_and_or_long_term_psychiatric_census_cds;cds_v6-2_type_190_-_admitted_patient_care_-_unfinished_general_episode_cds;cds_v6-2_type_200_-_admitted_patient_care_-_unfinished_delivery_episode_cds;cds_v6-3_type_130_-_admitted_patient_care_-_finished_general_episode_cds;cds_v6-3_type_140_-_admitted_patient_care_-_finished_delivery_episode_cds;cds_v6-3_type_160_-_admitted_patient_care_-_other_delivery_event_cds;cds_v6-3_type_190_-_admitted_patient_care_-_unfinished_general_episode_cds;cds_v6-3_type_200_-_admitted_patient_care_-_unfinished_delivery_episode_cds,1900-01-01T00:00:00.000000+00:00,,true,3,2026-09-12T21:50:58.303823+00:00,databot,,
97,nhs_dd_cds,person_phenotypic_sex,person_phenotypic_sex_classification,PERSON PHENOTYPIC SEX,PERSON PHENOTYPIC SEX CLASSIFICATION,PERSON STATED GENDER CODE,https://www.datadictionary.nhs.uk/data_elements/person_phenotypic_sex.html,cds_v6-3_type_120_-_admitted_patient_care_-_finished_birth_episode_cds;cds_v6-3_type_140_-_admitted_patient_care_-_finished_delivery_episode_cds;cds_v6-3_type_150_-_admitted_patient_care_-_other_birth_event_cds;cds_v6-3_type_160_-_admitted_patient_care_-_other_delivery_event_cds;cds_v6-3_type_180_-_admitted_patient_care_-_unfinished_birth_episode_cds;cds_v6-3_type_200_-_admitted_patient_care_-_unfinished_delivery_episode_cds,1900-01-01T00:00:00.000000+00:00,2026-09-12T21:55:57.028191+00:00,false,3,2026-09-12T21:50:58.303823+00:00,databot,2026-09-12T21:55:57.028191+00:00,databot
133,nhs_dd_cds,person_phenotypic_sex,person_phenotypic_sex_classification,PERSON PHENOTYPIC SEX,PERSON PHENOTYPIC SEX CLASSIFICATION,,https://www.datadictionary.nhs.uk/data_elements/person_phenotypic_sex.html,cds_v6-3_type_120_-_admitted_patient_care_-_finished_birth_episode_cds;cds_v6-3_type_140_-_admitted_patient_care_-_finished_delivery_episode_cds;cds_v6-3_type_150_-_admitted_patient_care_-_other_birth_event_cds;cds_v6-3_type_160_-_admitted_patient_care_-_other_delivery_event_cds;cds_v6-3_type_180_-_admitted_patient_care_-_unfinished_birth_episode_cds;cds_v6-3_type_200_-_admitted_patient_care_-_unfinished_delivery_episode_cds,2026-09-12T21:55:57.028191+00:00,,true,4,2026-09-12T21:55:57.028191+00:00,databot,,
98,nhs_dd_cds,person_stated_gender_code,person_stated_gender_code,PERSON STATED GENDER CODE,PERSON STATED GENDER CODE,PERSON STATED GENDER CODE,https://www.datadictionary.nhs.uk/data_elements/person_stated_gender_code.html,cds_v6-2-3_type_011_-_emergency_care_cds;cds_v6-3_type_020_-_outpatient_cds;cds_v6-3_type_130_-_admitted_patient_care_-_finished_general_episode_cds;cds_v6-3_type_140_-_admitted_patient_care_-_finished_delivery_episode_cds;cds_v6-3_type_160_-_admitted_patient_care_-_other_delivery_event_cds;cds_v6-3_type_190_-_admitted_patient_care_-_unfinished_general_episode_cds;cds_v6-3_type_200_-_admitted_patient_care_-_unfinished_delivery_episode_cds,1900-01-01T00:00:00.000000+00:00,2026-09-12T21:55:57.028191+00:00,false,3,2026-09-12T21:50:58.303823+00:00,databot,2026-09-12T21:55:57.028191+00:00,databot
134,nhs_dd_cds,person_stated_gender_code,person_stated_gender_code,PERSON STATED GENDER CODE,PERSON STATED GENDER CODE,,https://www.datadictionary.nhs.uk/data_elements/person_stated_gender_code.html,cds_v6-2-3_type_011_-_emergency_care_cds;cds_v6-3_type_020_-_outpatient_cds;cds_v6-3_type_130_-_admitted_patient_care_-_finished_general_episode_cds;cds_v6-3_type_140_-_admitted_patient_care_-_finished_delivery_episode_cds;cds_v6-3_type_160_-_admitted_patient_care_-_other_delivery_event_cds;cds_v6-3_type_190_-_admitted_patient_care_-_unfinished_general_episode_cds;cds_v6-3_type_200_-_admitted_patient_care_-_unfinished_delivery_episode_cds,2026-09-12T21:55:57.028191+00:00,,true,4,2026-09-12T21:55:57.028191+00:00,databot,,
99,nhs_dd_cds,present_on_admission_indicator,present_on_admission_indicator,PRESENT ON ADMISSION INDICATOR,PRESENT ON ADMISSION INDICATOR,,https://www.datadictionary.nhs.uk/data_elements/present_on_admission_indicator.html,cds_v6-2_type_020_-_outpatient_cds;cds_v6-2_type_021_-_future_outpatient_cds;cds_v6-2_type_120_-_admitted_patient_care_-_finished_birth_episode_cds;cds_v6-2_type_130_-_admitted_patient_care_-_finished_general_episode_cds;cds_v6-2_type_140_-_admitted_patient_care_-_finished_delivery_episode_cds;cds_v6-2_type_170_-_admitted_patient_care_-_detained_and_or_long_term_psychiatric_census_cds;cds_v6-2_type_180_-_admitted_patient_care_-_unfinished_birth_episode_cds;cds_v6-2_type_190_-_admitted_patient_care_-_unfinished_general_episode_cds;cds_v6-2_type_200_-_admitted_patient_care_-_unfinished_delivery_episode_cds;cds_v6-3_type_130_-_admitted_patient_care_-_finished_general_episode_cds;cds_v6-3_type_190_-_admitted_patient_care_-_unfinished_general_episode_cds,1900-01-01T00:00:00.000000+00:00,,true,3,2026-09-12T21:50:58.303823+00:00,databot,,
100,nhs_dd_cds,priority_type_code,priority_type,PRIORITY TYPE CODE,PRIORITY TYPE,SERVICE REQUEST PRIORITY TYPE,https://www.datadictionary.nhs.uk/data_elements/priority_type_code.html,cds_v6-2_type_020_-_outpatient_cds;cds_v6-2_type_021_-_future_outpatient_cds;cds_v6-2_type_030_-_elective_admission_list_-_end_of_period_census_standard_cds;cds_v6-2_type_050_-_elective_admission_list_-_end_of_period_census_new_cds;cds_v6-2_type_060_-_elective_admission_list_-_event_during_period_add_cds;cds_v6-2_type_110_-_elective_admission_list_-_event_during_period_new_service_agreement_cds;cds_v6-3_type_020_-_outpatient_cds,1900-01-01T00:00:00.000000+00:00,,true,3,2026-09-12T21:50:58.303823+00:00,databot,,
101,nhs_dd_cds,procedure_scheme_in_use,procedure_scheme_in_use,PROCEDURE SCHEME IN USE,PROCEDURE SCHEME IN USE,,https://www.datadictionary.nhs.uk/data_elements/procedure_scheme_in_use.html,cds_v6-2_type_020_-_outpatient_cds;cds_v6-2_type_021_-_future_outpatient_cds;cds_v6-2_type_030_-_elective_admission_list_-_end_of_period_census_standard_cds;cds_v6-2_type_050_-_elective_admission_list_-_end_of_period_census_new_cds;cds_v6-2_type_060_-_elective_admission_list_-_event_during_period_add_cds;cds_v6-2_type_110_-_elective_admission_list_-_event_during_period_new_service_agreement_cds;cds_v6-2_type_120_-_admitted_patient_care_-_finished_birth_episode_cds;cds_v6-2_type_130_-_admitted_patient_care_-_finished_general_episode_cds;cds_v6-2_type_140_-_admitted_patient_care_-_finished_delivery_episode_cds;cds_v6-2_type_180_-_admitted_patient_care_-_unfinished_birth_episode_cds;cds_v6-2_type_190_-_admitted_patient_care_-_unfinished_general_episode_cds;cds_v6-2_type_200_-_admitted_patient_care_-_unfinished_delivery_episode_cds,1900-01-01T00:00:00.000000+00:00,,true,3,2026-09-12T21:50:58.303823+00:00,databot,,
102,nhs_dd_cds,procedure_scheme_in_use_commissioning_data_set,procedure_scheme_in_use_commissioning_data_set,PROCEDURE SCHEME IN USE (COMMISSIONING DATA SET),,,https://www.datadictionary.nhs.uk/data_elements/procedure_scheme_in_use_commissioning_data_set.html,cds_v6-3_type_020_-_outpatient_cds;cds_v6-3_type_120_-_admitted_patient_care_-_finished_birth_episode_cds;cds_v6-3_type_130_-_admitted_patient_care_-_finished_general_episode_cds;cds_v6-3_type_140_-_admitted_patient_care_-_finished_delivery_episode_cds;cds_v6-3_type_180_-_admitted_patient_care_-_unfinished_birth_episode_cds;cds_v6-3_type_190_-_admitted_patient_care_-_unfinished_general_episode_cds;cds_v6-3_type_200_-_admitted_patient_care_-_unfinished_delivery_episode_cds,1900-01-01T00:00:00.000000+00:00,,true,3,2026-09-12T21:50:58.303823+00:00,databot,,
103,nhs_dd_cds,professional_registration_issuer_code,professional_registration_issuer_code,PROFESSIONAL REGISTRATION ISSUER CODE,,,https://www.datadictionary.nhs.uk/data_elements/professional_registration_issuer_code.html,cds_v6-2-3_type_011_-_emergency_care_cds;cds_v6-2_type_020_-_outpatient_cds;cds_v6-2_type_021_-_future_outpatient_cds;cds_v6-2_type_030_-_elective_admission_list_-_end_of_period_census_standard_cds;cds_v6-2_type_050_-_elective_admission_list_-_end_of_period_census_new_cds;cds_v6-2_type_060_-_elective_admission_list_-_event_during_period_add_cds;cds_v6-2_type_110_-_elective_admission_list_-_event_during_period_new_service_agreement_cds;cds_v6-2_type_120_-_admitted_patient_care_-_finished_birth_episode_cds;cds_v6-2_type_130_-_admitted_patient_care_-_finished_general_episode_cds;cds_v6-2_type_140_-_admitted_patient_care_-_finished_delivery_episode_cds;cds_v6-2_type_180_-_admitted_patient_care_-_unfinished_birth_episode_cds;cds_v6-2_type_190_-_admitted_patient_care_-_unfinished_general_episode_cds;cds_v6-2_type_200_-_admitted_patient_care_-_unfinished_delivery_episode_cds;cds_v6-3_type_020_-_outpatient_cds;cds_v6-3_type_120_-_admitted_patient_care_-_finished_birth_episode_cds;cds_v6-3_type_130_-_admitted_patient_care_-_finished_general_episode_cds;cds_v6-3_type_140_-_admitted_patient_care_-_finished_delivery_episode_cds;cds_v6-3_type_150_-_admitted_patient_care_-_other_birth_event_cds;cds_v6-3_type_160_-_admitted_patient_care_-_other_delivery_event_cds;cds_v6-3_type_180_-_admitted_patient_care_-_unfinished_birth_episode_cds;cds_v6-3_type_190_-_admitted_patient_care_-_unfinished_general_episode_cds;cds_v6-3_type_200_-_admitted_patient_care_-_unfinished_delivery_episode_cds,1900-01-01T00:00:00.000000+00:00,,true,3,2026-09-12T21:50:58.303823+00:00,databot,,
104,nhs_dd_cds,psychiatric_patient_status_code,psychiatric_patient_status,PSYCHIATRIC PATIENT STATUS CODE,PSYCHIATRIC PATIENT STATUS,,https://www.datadictionary.nhs.uk/data_elements/psychiatric_patient_status_code.html,cds_v6-2_type_130_-_admitted_patient_care_-_finished_general_episode_cds;cds_v6-2_type_140_-_admitted_patient_care_-_finished_delivery_episode_cds;cds_v6-2_type_170_-_admitted_patient_care_-_detained_and_or_long_term_psychiatric_census_cds;cds_v6-2_type_190_-_admitted_patient_care_-_unfinished_general_episode_cds;cds_v6-2_type_200_-_admitted_patient_care_-_unfinished_delivery_episode_cds;cds_v6-3_type_130_-_admitted_patient_care_-_finished_general_episode_cds;cds_v6-3_type_140_-_admitted_patient_care_-_finished_delivery_episode_cds;cds_v6-3_type_190_-_admitted_patient_care_-_unfinished_general_episode_cds;cds_v6-3_type_200_-_admitted_patient_care_-_unfinished_delivery_episode_cds,1900-01-01T00:00:00.000000+00:00,,true,3,2026-09-12T21:50:58.303823+00:00,databot,,
105,nhs_dd_cds,referral_to_treatment_period_status,referral_to_treatment_period_status,REFERRAL TO TREATMENT PERIOD STATUS,REFERRAL TO TREATMENT PERIOD STATUS,,https://www.datadictionary.nhs.uk/data_elements/referral_to_treatment_period_status.html,cds_v6-2-3_type_011_-_emergency_care_cds;cds_v6-2_type_020_-_outpatient_cds;cds_v6-2_type_021_-_future_outpatient_cds;cds_v6-2_type_030_-_elective_admission_list_-_end_of_period_census_standard_cds;cds_v6-2_type_040_-_elective_admission_list_-_end_of_period_census_old_cds;cds_v6-2_type_050_-_elective_admission_list_-_end_of_period_census_new_cds;cds_v6-2_type_060_-_elective_admission_list_-_event_during_period_add_cds;cds_v6-2_type_070_-_elective_admission_list_-_event_during_period_remove_cds;cds_v6-2_type_080_-_elective_admission_list_-_event_during_period_offer_cds;cds_v6-2_type_090_-_elective_admission_list_-_event_during_period_available_or_unavailable_cds;cds_v6-2_type_100_-_elective_admission_list_-_event_during_period_old_service_agreement_cds;cds_v6-2_type_110_-_elective_admission_list_-_event_during_period_new_service_agreement_cds;cds_v6-2_type_120_-_admitted_patient_care_-_finished_birth_episode_cds;cds_v6-2_type_130_-_admitted_patient_care_-_finished_general_episode_cds;cds_v6-2_type_140_-_admitted_patient_care_-_finished_delivery_episode_cds;cds_v6-2_type_150_-_admitted_patient_care_-_other_birth_event_cds;cds_v6-2_type_160_-_admitted_patient_care_-_other_delivery_event_cds;cds_v6-2_type_170_-_admitted_patient_care_-_detained_and_or_long_term_psychiatric_census_cds;cds_v6-2_type_180_-_admitted_patient_care_-_unfinished_birth_episode_cds;cds_v6-2_type_190_-_admitted_patient_care_-_unfinished_general_episode_cds;cds_v6-2_type_200_-_admitted_patient_care_-_unfinished_delivery_episode_cds;cds_v6-3_type_020_-_outpatient_cds;cds_v6-3_type_120_-_admitted_patient_care_-_finished_birth_episode_cds;cds_v6-3_type_130_-_admitted_patient_care_-_finished_general_episode_cds;cds_v6-3_type_140_-_admitted_patient_care_-_finished_delivery_episode_cds;cds_v6-3_type_150_-_admitted_patient_care_-_other_birth_event_cds;cds_v6-3_type_160_-_admitted_patient_care_-_other_delivery_event_cds;cds_v6-3_type_180_-_admitted_patient_care_-_unfinished_birth_episode_cds;cds_v6-3_type_190_-_admitted_patient_care_-_unfinished_general_episode_cds;cds_v6-3_type_200_-_admitted_patient_care_-_unfinished_delivery_episode_cds,1900-01-01T00:00:00.000000+00:00,,true,3,2026-09-12T21:50:58.303823+00:00,databot,,
106,nhs_dd_cds,referred_by_first_contact_practitioner_indicator,referred_by_first_contact_practitioner_indicator,REFERRED BY FIRST CONTACT PRACTITIONER INDICATOR,REFERRED BY FIRST CONTACT PRACTITIONER INDICATOR,,https://www.datadictionary.nhs.uk/data_elements/referred_by_first_contact_practitioner_indicator.html,cds_v6-3_type_020_-_outpatient_cds,1900-01-01T00:00:00.000000+00:00,,true,3,2026-09-12T21:50:58.303823+00:00,databot,,
107,nhs_dd_cds,rehabilitation_assessment_team_type,rehabilitation_assessment_team_type,REHABILITATION ASSESSMENT TEAM TYPE,REHABILITATION ASSESSMENT TEAM TYPE,,https://www.datadictionary.nhs.uk/data_elements/rehabilitation_assessment_team_type.html,cds_v6-2_type_020_-_outpatient_cds;cds_v6-2_type_021_-_future_outpatient_cds;cds_v6-2_type_130_-_admitted_patient_care_-_finished_general_episode_cds;cds_v6-2_type_140_-_admitted_patient_care_-_finished_delivery_episode_cds;cds_v6-2_type_190_-_admitted_patient_care_-_unfinished_general_episode_cds;cds_v6-2_type_200_-_admitted_patient_care_-_unfinished_delivery_episode_cds;cds_v6-3_type_020_-_outpatient_cds;cds_v6-3_type_130_-_admitted_patient_care_-_finished_general_episode_cds;cds_v6-3_type_140_-_admitted_patient_care_-_finished_delivery_episode_cds;cds_v6-3_type_190_-_admitted_patient_care_-_unfinished_general_episode_cds;cds_v6-3_type_200_-_admitted_patient_care_-_unfinished_delivery_episode_cds,1900-01-01T00:00:00.000000+00:00,,true,3,2026-09-12T21:50:58.303823+00:00,databot,,
108,nhs_dd_cds,responsible_care_professional_indicator,responsible_care_professional_indicator,RESPONSIBLE CARE PROFESSIONAL INDICATOR,RESPONSIBLE CARE PROFESSIONAL INDICATOR,,https://www.datadictionary.nhs.uk/data_elements/responsible_care_professional_indicator.html,cds_v6-3_type_020_-_outpatient_cds;cds_v6-3_type_120_-_admitted_patient_care_-_finished_birth_episode_cds;cds_v6-3_type_130_-_admitted_patient_care_-_finished_general_episode_cds;cds_v6-3_type_140_-_admitted_patient_care_-_finished_delivery_episode_cds;cds_v6-3_type_180_-_admitted_patient_care_-_unfinished_birth_episode_cds;cds_v6-3_type_190_-_admitted_patient_care_-_unfinished_general_episode_cds;cds_v6-3_type_200_-_admitted_patient_care_-_unfinished_delivery_episode_cds,1900-01-01T00:00:00.000000+00:00,,true,3,2026-09-12T21:50:58.303823+00:00,databot,,
109,nhs_dd_cds,resuscitation_method_code,resuscitation_method_code,RESUSCITATION METHOD CODE,RESUSCITATION METHOD CODE,,https://www.datadictionary.nhs.uk/data_elements/resuscitation_method_code.html,cds_v6-2_type_120_-_admitted_patient_care_-_finished_birth_episode_cds;cds_v6-2_type_140_-_admitted_patient_care_-_finished_delivery_episode_cds;cds_v6-2_type_150_-_admitted_patient_care_-_other_birth_event_cds;cds_v6-2_type_160_-_admitted_patient_care_-_other_delivery_event_cds;cds_v6-2_type_180_-_admitted_patient_care_-_unfinished_birth_episode_cds;cds_v6-2_type_200_-_admitted_patient_care_-_unfinished_delivery_episode_cds;cds_v6-3_type_120_-_admitted_patient_care_-_finished_birth_episode_cds;cds_v6-3_type_140_-_admitted_patient_care_-_finished_delivery_episode_cds;cds_v6-3_type_150_-_admitted_patient_care_-_other_birth_event_cds;cds_v6-3_type_160_-_admitted_patient_care_-_other_delivery_event_cds;cds_v6-3_type_180_-_admitted_patient_care_-_unfinished_birth_episode_cds;cds_v6-3_type_200_-_admitted_patient_care_-_unfinished_delivery_episode_cds,1900-01-01T00:00:00.000000+00:00,,true,3,2026-09-12T21:50:58.303823+00:00,databot,,
110,nhs_dd_cds,service_type_requested_code,service_type_requested,SERVICE TYPE REQUESTED CODE,SERVICE TYPE REQUESTED,,https://www.datadictionary.nhs.uk/data_elements/service_type_requested_code.html,cds_v6-2_type_020_-_outpatient_cds;cds_v6-2_type_021_-_future_outpatient_cds;cds_v6-3_type_020_-_outpatient_cds,1900-01-01T00:00:00.000000+00:00,,true,3,2026-09-12T21:50:58.303823+00:00,databot,,
111,nhs_dd_cds,sex_of_patients_code,sex_of_patients,SEX OF PATIENTS CODE,SEX OF PATIENTS,WARD INTENDED SEX OF PATIENTS,https://www.datadictionary.nhs.uk/data_elements/sex_of_patients_code.html,cds_v6-2_type_120_-_admitted_patient_care_-_finished_birth_episode_cds;cds_v6-2_type_130_-_admitted_patient_care_-_finished_general_episode_cds;cds_v6-2_type_140_-_admitted_patient_care_-_finished_delivery_episode_cds;cds_v6-2_type_170_-_admitted_patient_care_-_detained_and_or_long_term_psychiatric_census_cds;cds_v6-2_type_180_-_admitted_patient_care_-_unfinished_birth_episode_cds;cds_v6-2_type_190_-_admitted_patient_care_-_unfinished_general_episode_cds;cds_v6-2_type_200_-_admitted_patient_care_-_unfinished_delivery_episode_cds,1900-01-01T00:00:00.000000+00:00,,true,3,2026-09-12T21:50:58.303823+00:00,databot,,
112,nhs_dd_cds,source_of_admission_code_hospital_provider_spell,source_of_admission,SOURCE OF ADMISSION CODE (HOSPITAL PROVIDER SPELL),SOURCE OF ADMISSION,,https://www.datadictionary.nhs.uk/data_elements/source_of_admission_code_hospital_provider_spell.html,cds_v6-2_type_120_-_admitted_patient_care_-_finished_birth_episode_cds;cds_v6-2_type_130_-_admitted_patient_care_-_finished_general_episode_cds;cds_v6-2_type_140_-_admitted_patient_care_-_finished_delivery_episode_cds;cds_v6-2_type_170_-_admitted_patient_care_-_detained_and_or_long_term_psychiatric_census_cds;cds_v6-2_type_180_-_admitted_patient_care_-_unfinished_birth_episode_cds;cds_v6-2_type_190_-_admitted_patient_care_-_unfinished_general_episode_cds;cds_v6-2_type_200_-_admitted_patient_care_-_unfinished_delivery_episode_cds,1900-01-01T00:00:00.000000+00:00,,true,3,2026-09-12T21:50:58.303823+00:00,databot,,
113,nhs_dd_cds,source_of_referral_for_out-patients,source_of_referral_for_out_patients,SOURCE OF REFERRAL FOR OUT-PATIENTS,SOURCE OF REFERRAL FOR OUT-PATIENTS,,https://www.datadictionary.nhs.uk/data_elements/source_of_referral_for_out-patients.html,cds_v6-2_type_020_-_outpatient_cds;cds_v6-2_type_021_-_future_outpatient_cds;cds_v6-3_type_020_-_outpatient_cds,1900-01-01T00:00:00.000000+00:00,,true,3,2026-09-12T21:50:58.303823+00:00,databot,,
114,nhs_dd_cds,status_of_patient_included_in_the_psychiatric_census_code,status_of_patient_included_in_the_psychiatric_census_code,STATUS OF PATIENT INCLUDED IN THE PSYCHIATRIC CENSUS CODE,STATUS OF PATIENT INCLUDED IN THE PSYCHIATRIC CENSUS CODE,,https://www.datadictionary.nhs.uk/data_elements/status_of_patient_included_in_the_psychiatric_census_code.html,cds_v6-2_type_170_-_admitted_patient_care_-_detained_and_or_long_term_psychiatric_census_cds,1900-01-01T00:00:00.000000+00:00,,true,3,2026-09-12T21:50:58.303823+00:00,databot,,
115,nhs_dd_cds,status_of_person_conducting_delivery_code,status_of_person_conducting_delivery,STATUS OF PERSON CONDUCTING DELIVERY CODE,STATUS OF PERSON CONDUCTING DELIVERY,,https://www.datadictionary.nhs.uk/data_elements/status_of_person_conducting_delivery_code.html,cds_v6-2_type_120_-_admitted_patient_care_-_finished_birth_episode_cds;cds_v6-2_type_140_-_admitted_patient_care_-_finished_delivery_episode_cds;cds_v6-2_type_150_-_admitted_patient_care_-_other_birth_event_cds;cds_v6-2_type_160_-_admitted_patient_care_-_other_delivery_event_cds;cds_v6-2_type_180_-_admitted_patient_care_-_unfinished_birth_episode_cds;cds_v6-2_type_200_-_admitted_patient_care_-_unfinished_delivery_episode_cds;cds_v6-3_type_120_-_admitted_patient_care_-_finished_birth_episode_cds;cds_v6-3_type_140_-_admitted_patient_care_-_finished_delivery_episode_cds;cds_v6-3_type_150_-_admitted_patient_care_-_other_birth_event_cds;cds_v6-3_type_160_-_admitted_patient_care_-_other_delivery_event_cds;cds_v6-3_type_180_-_admitted_patient_care_-_unfinished_birth_episode_cds;cds_v6-3_type_200_-_admitted_patient_care_-_unfinished_delivery_episode_cds,1900-01-01T00:00:00.000000+00:00,,true,3,2026-09-12T21:50:58.303823+00:00,databot,,
116,nhs_dd_cds,waiting_time_measurement_type,waiting_time_measurement_type,WAITING TIME MEASUREMENT TYPE,WAITING TIME MEASUREMENT TYPE,WAITING TIME MEASUREMENT TYPE (COMMISSIONING DATA SET),https://www.datadictionary.nhs.uk/data_elements/waiting_time_measurement_type.html,cds_v6-2-3_type_011_-_emergency_care_cds;cds_v6-2_type_020_-_outpatient_cds;cds_v6-2_type_021_-_future_outpatient_cds;cds_v6-2_type_030_-_elective_admission_list_-_end_of_period_census_standard_cds;cds_v6-2_type_040_-_elective_admission_list_-_end_of_period_census_old_cds;cds_v6-2_type_050_-_elective_admission_list_-_end_of_period_census_new_cds;cds_v6-2_type_060_-_elective_admission_list_-_event_during_period_add_cds;cds_v6-2_type_070_-_elective_admission_list_-_event_during_period_remove_cds;cds_v6-2_type_080_-_elective_admission_list_-_event_during_period_offer_cds;cds_v6-2_type_090_-_elective_admission_list_-_event_during_period_available_or_unavailable_cds;cds_v6-2_type_100_-_elective_admission_list_-_event_during_period_old_service_agreement_cds;cds_v6-2_type_110_-_elective_admission_list_-_event_during_period_new_service_agreement_cds;cds_v6-2_type_120_-_admitted_patient_care_-_finished_birth_episode_cds;cds_v6-2_type_130_-_admitted_patient_care_-_finished_general_episode_cds;cds_v6-2_type_140_-_admitted_patient_care_-_finished_delivery_episode_cds;cds_v6-2_type_150_-_admitted_patient_care_-_other_birth_event_cds;cds_v6-2_type_160_-_admitted_patient_care_-_other_delivery_event_cds;cds_v6-2_type_170_-_admitted_patient_care_-_detained_and_or_long_term_psychiatric_census_cds;cds_v6-2_type_180_-_admitted_patient_care_-_unfinished_birth_episode_cds;cds_v6-2_type_190_-_admitted_patient_care_-_unfinished_general_episode_cds;cds_v6-2_type_200_-_admitted_patient_care_-_unfinished_delivery_episode_cds,1900-01-01T00:00:00.000000+00:00,,true,3,2026-09-12T21:50:58.303823+00:00,databot,,
117,nhs_dd_cds,waiting_time_measurement_type_commissioning_data_set,waiting_time_measurement_type_commissioning_data_set,WAITING TIME MEASUREMENT TYPE (COMMISSIONING DATA SET),,WAITING TIME MEASUREMENT TYPE (COMMISSIONING DATA SET),https://www.datadictionary.nhs.uk/data_elements/waiting_time_measurement_type_commissioning_data_set.html,cds_v6-3_type_020_-_outpatient_cds;cds_v6-3_type_120_-_admitted_patient_care_-_finished_birth_episode_cds;cds_v6-3_type_130_-_admitted_patient_care_-_finished_general_episode_cds;cds_v6-3_type_140_-_admitted_patient_care_-_finished_delivery_episode_cds;cds_v6-3_type_150_-_admitted_patient_care_-_other_birth_event_cds;cds_v6-3_type_160_-_admitted_patient_care_-_other_delivery_event_cds;cds_v6-3_type_180_-_admitted_patient_care_-_unfinished_birth_episode_cds;cds_v6-3_type_190_-_admitted_patient_care_-_unfinished_general_episode_cds;cds_v6-3_type_200_-_admitted_patient_care_-_unfinished_delivery_episode_cds,1900-01-01T00:00:00.000000+00:00,2026-09-12T21:55:57.028191+00:00,false,3,2026-09-12T21:50:58.303823+00:00,databot,2026-09-12T21:55:57.028191+00:00,databot
135,nhs_dd_cds,waiting_time_measurement_type_commissioning_data_set,waiting_time_measurement_type_commissioning_data_set,WAITING TIME MEASUREMENT TYPE (COMMISSIONING DATA SET),,,https://www.datadictionary.nhs.uk/data_elements/waiting_time_measurement_type_commissioning_data_set.html,cds_v6-3_type_020_-_outpatient_cds;cds_v6-3_type_120_-_admitted_patient_care_-_finished_birth_episode_cds;cds_v6-3_type_130_-_admitted_patient_care_-_finished_general_episode_cds;cds_v6-3_type_140_-_admitted_patient_care_-_finished_delivery_episode_cds;cds_v6-3_type_150_-_admitted_patient_care_-_other_birth_event_cds;cds_v6-3_type_160_-_admitted_patient_care_-_other_delivery_event_cds;cds_v6-3_type_180_-_admitted_patient_care_-_unfinished_birth_episode_cds;cds_v6-3_type_190_-_admitted_patient_care_-_unfinished_general_episode_cds;cds_v6-3_type_200_-_admitted_patient_care_-_unfinished_delivery_episode_cds,2026-09-12T21:55:57.028191+00:00,,true,4,2026-09-12T21:55:57.028191+00:00,databot,,
118,nhs_dd_cds,ward_day_period_availability_code,ward_day_period_availability,WARD DAY PERIOD AVAILABILITY CODE,WARD DAY PERIOD AVAILABILITY,,https://www.datadictionary.nhs.uk/data_elements/ward_day_period_availability_code.html,cds_v6-2_type_120_-_admitted_patient_care_-_finished_birth_episode_cds;cds_v6-2_type_130_-_admitted_patient_care_-_finished_general_episode_cds;cds_v6-2_type_140_-_admitted_patient_care_-_finished_delivery_episode_cds;cds_v6-2_type_170_-_admitted_patient_care_-_detained_and_or_long_term_psychiatric_census_cds;cds_v6-2_type_180_-_admitted_patient_care_-_unfinished_birth_episode_cds;cds_v6-2_type_190_-_admitted_patient_care_-_unfinished_general_episode_cds;cds_v6-2_type_200_-_admitted_patient_care_-_unfinished_delivery_episode_cds,1900-01-01T00:00:00.000000+00:00,,true,3,2026-09-12T21:50:58.303823+00:00,databot,,
119,nhs_dd_cds,ward_intended_age_group,ward_intended_age_group,WARD INTENDED AGE GROUP,WARD INTENDED AGE GROUP,WARD INTENDED AGE GROUP,https://www.datadictionary.nhs.uk/data_elements/ward_intended_age_group.html,cds_v6-3_type_120_-_admitted_patient_care_-_finished_birth_episode_cds;cds_v6-3_type_130_-_admitted_patient_care_-_finished_general_episode_cds;cds_v6-3_type_140_-_admitted_patient_care_-_finished_delivery_episode_cds;cds_v6-3_type_180_-_admitted_patient_care_-_unfinished_birth_episode_cds;cds_v6-3_type_190_-_admitted_patient_care_-_unfinished_general_episode_cds;cds_v6-3_type_200_-_admitted_patient_care_-_unfinished_delivery_episode_cds,1900-01-01T00:00:00.000000+00:00,2026-09-12T21:55:57.028191+00:00,false,3,2026-09-12T21:50:58.303823+00:00,databot,2026-09-12T21:55:57.028191+00:00,databot
136,nhs_dd_cds,ward_intended_age_group,ward_intended_age_group,WARD INTENDED AGE GROUP,WARD INTENDED AGE GROUP,,https://www.datadictionary.nhs.uk/data_elements/ward_intended_age_group.html,cds_v6-3_type_120_-_admitted_patient_care_-_finished_birth_episode_cds;cds_v6-3_type_130_-_admitted_patient_care_-_finished_general_episode_cds;cds_v6-3_type_140_-_admitted_patient_care_-_finished_delivery_episode_cds;cds_v6-3_type_180_-_admitted_patient_care_-_unfinished_birth_episode_cds;cds_v6-3_type_190_-_admitted_patient_care_-_unfinished_general_episode_cds;cds_v6-3_type_200_-_admitted_patient_care_-_unfinished_delivery_episode_cds,2026-09-12T21:55:57.028191+00:00,,true,4,2026-09-12T21:55:57.028191+00:00,databot,,
120,nhs_dd_cds,ward_intended_clinical_care_intensity,ward_intended_clinical_care_intensity,WARD INTENDED CLINICAL CARE INTENSITY,WARD INTENDED CLINICAL CARE INTENSITY,WARD INTENDED CLINICAL CARE INTENSITY,https://www.datadictionary.nhs.uk/data_elements/ward_intended_clinical_care_intensity.html,cds_v6-3_type_120_-_admitted_patient_care_-_finished_birth_episode_cds;cds_v6-3_type_130_-_admitted_patient_care_-_finished_general_episode_cds;cds_v6-3_type_140_-_admitted_patient_care_-_finished_delivery_episode_cds;cds_v6-3_type_180_-_admitted_patient_care_-_unfinished_birth_episode_cds;cds_v6-3_type_190_-_admitted_patient_care_-_unfinished_general_episode_cds;cds_v6-3_type_200_-_admitted_patient_care_-_unfinished_delivery_episode_cds,1900-01-01T00:00:00.000000+00:00,2026-09-12T21:55:57.028191+00:00,false,3,2026-09-12T21:50:58.303823+00:00,databot,2026-09-12T21:55:57.028191+00:00,databot
137,nhs_dd_cds,ward_intended_clinical_care_intensity,ward_intended_clinical_care_intensity,WARD INTENDED CLINICAL CARE INTENSITY,WARD INTENDED CLINICAL CARE INTENSITY,,https://www.datadictionary.nhs.uk/data_elements/ward_intended_clinical_care_intensity.html,cds_v6-3_type_120_-_admitted_patient_care_-_finished_birth_episode_cds;cds_v6-3_type_130_-_admitted_patient_care_-_finished_general_episode_cds;cds_v6-3_type_140_-_admitted_patient_care_-_finished_delivery_episode_cds;cds_v6-3_type_180_-_admitted_patient_care_-_unfinished_birth_episode_cds;cds_v6-3_type_190_-_admitted_patient_care_-_unfinished_general_episode_cds;cds_v6-3_type_200_-_admitted_patient_care_-_unfinished_delivery_episode_cds,2026-09-12T21:55:57.028191+00:00,,true,4,2026-09-12T21:55:57.028191+00:00,databot,,
121,nhs_dd_cds,ward_intended_day_period_availability,ward_intended_day_period_availability,WARD INTENDED DAY PERIOD AVAILABILITY,WARD INTENDED DAY PERIOD AVAILABILITY,WARD INTENDED DAY PERIOD AVAILABILITY,https://www.datadictionary.nhs.uk/data_elements/ward_intended_day_period_availability.html,cds_v6-3_type_120_-_admitted_patient_care_-_finished_birth_episode_cds;cds_v6-3_type_130_-_admitted_patient_care_-_finished_general_episode_cds;cds_v6-3_type_140_-_admitted_patient_care_-_finished_delivery_episode_cds;cds_v6-3_type_180_-_admitted_patient_care_-_unfinished_birth_episode_cds;cds_v6-3_type_190_-_admitted_patient_care_-_unfinished_general_episode_cds;cds_v6-3_type_200_-_admitted_patient_care_-_unfinished_delivery_episode_cds,1900-01-01T00:00:00.000000+00:00,2026-09-12T21:55:57.028191+00:00,false,3,2026-09-12T21:50:58.303823+00:00,databot,2026-09-12T21:55:57.028191+00:00,databot
138,nhs_dd_cds,ward_intended_day_period_availability,ward_intended_day_period_availability,WARD INTENDED DAY PERIOD AVAILABILITY,WARD INTENDED DAY PERIOD AVAILABILITY,,https://www.datadictionary.nhs.uk/data_elements/ward_intended_day_period_availability.html,cds_v6-3_type_120_-_admitted_patient_care_-_finished_birth_episode_cds;cds_v6-3_type_130_-_admitted_patient_care_-_finished_general_episode_cds;cds_v6-3_type_140_-_admitted_patient_care_-_finished_delivery_episode_cds;cds_v6-3_type_180_-_admitted_patient_care_-_unfinished_birth_episode_cds;cds_v6-3_type_190_-_admitted_patient_care_-_unfinished_general_episode_cds;cds_v6-3_type_200_-_admitted_patient_care_-_unfinished_delivery_episode_cds,2026-09-12T21:55:57.028191+00:00,,true,4,2026-09-12T21:55:57.028191+00:00,databot,,
122,nhs_dd_cds,ward_intended_night_period_availability,ward_intended_night_period_availability,WARD INTENDED NIGHT PERIOD AVAILABILITY,WARD INTENDED NIGHT PERIOD AVAILABILITY,WARD INTENDED NIGHT PERIOD AVAILABILITY,https://www.datadictionary.nhs.uk/data_elements/ward_intended_night_period_availability.html,cds_v6-3_type_120_-_admitted_patient_care_-_finished_birth_episode_cds;cds_v6-3_type_130_-_admitted_patient_care_-_finished_general_episode_cds;cds_v6-3_type_140_-_admitted_patient_care_-_finished_delivery_episode_cds;cds_v6-3_type_180_-_admitted_patient_care_-_unfinished_birth_episode_cds;cds_v6-3_type_190_-_admitted_patient_care_-_unfinished_general_episode_cds;cds_v6-3_type_200_-_admitted_patient_care_-_unfinished_delivery_episode_cds,1900-01-01T00:00:00.000000+00:00,2026-09-12T21:55:57.028191+00:00,false,3,2026-09-12T21:50:58.303823+00:00,databot,2026-09-12T21:55:57.028191+00:00,databot
139,nhs_dd_cds,ward_intended_night_period_availability,ward_intended_night_period_availability,WARD INTENDED NIGHT PERIOD AVAILABILITY,WARD INTENDED NIGHT PERIOD AVAILABILITY,,https://www.datadictionary.nhs.uk/data_elements/ward_intended_night_period_availability.html,cds_v6-3_type_120_-_admitted_patient_care_-_finished_birth_episode_cds;cds_v6-3_type_130_-_admitted_patient_care_-_finished_general_episode_cds;cds_v6-3_type_140_-_admitted_patient_care_-_finished_delivery_episode_cds;cds_v6-3_type_180_-_admitted_patient_care_-_unfinished_birth_episode_cds;cds_v6-3_type_190_-_admitted_patient_care_-_unfinished_general_episode_cds;cds_v6-3_type_200_-_admitted_patient_care_-_unfinished_delivery_episode_cds,2026-09-12T21:55:57.028191+00:00,,true,4,2026-09-12T21:55:57.028191+00:00,databot,,
123,nhs_dd_cds,ward_intended_sex_of_patients,ward_intended_sex_of_patients,WARD INTENDED SEX OF PATIENTS,WARD INTENDED SEX OF PATIENTS,WARD INTENDED SEX OF PATIENTS,https://www.datadictionary.nhs.uk/data_elements/ward_intended_sex_of_patients.html,cds_v6-3_type_120_-_admitted_patient_care_-_finished_birth_episode_cds;cds_v6-3_type_130_-_admitted_patient_care_-_finished_general_episode_cds;cds_v6-3_type_140_-_admitted_patient_care_-_finished_delivery_episode_cds;cds_v6-3_type_180_-_admitted_patient_care_-_unfinished_birth_episode_cds;cds_v6-3_type_190_-_admitted_patient_care_-_unfinished_general_episode_cds;cds_v6-3_type_200_-_admitted_patient_care_-_unfinished_delivery_episode_cds,1900-01-01T00:00:00.000000+00:00,2026-09-12T21:55:57.028191+00:00,false,3,2026-09-12T21:50:58.303823+00:00,databot,2026-09-12T21:55:57.028191+00:00,databot
140,nhs_dd_cds,ward_intended_sex_of_patients,ward_intended_sex_of_patients,WARD INTENDED SEX OF PATIENTS,WARD INTENDED SEX OF PATIENTS,,https://www.datadictionary.nhs.uk/data_elements/ward_intended_sex_of_patients.html,cds_v6-3_type_120_-_admitted_patient_care_-_finished_birth_episode_cds;cds_v6-3_type_130_-_admitted_patient_care_-_finished_general_episode_cds;cds_v6-3_type_140_-_admitted_patient_care_-_finished_delivery_episode_cds;cds_v6-3_type_180_-_admitted_patient_care_-_unfinished_birth_episode_cds;cds_v6-3_type_190_-_admitted_patient_care_-_unfinished_general_episode_cds;cds_v6-3_type_200_-_admitted_patient_care_-_unfinished_delivery_episode_cds,2026-09-12T21:55:57.028191+00:00,,true,4,2026-09-12T21:55:57.028191+00:00,databot,,
124,nhs_dd_cds,ward_night_period_availability_code,ward_night_period_availability,WARD NIGHT PERIOD AVAILABILITY CODE,WARD NIGHT PERIOD AVAILABILITY,,https://www.datadictionary.nhs.uk/data_elements/ward_night_period_availability_code.html,cds_v6-2_type_120_-_admitted_patient_care_-_finished_birth_episode_cds;cds_v6-2_type_130_-_admitted_patient_care_-_finished_general_episode_cds;cds_v6-2_type_140_-_admitted_patient_care_-_finished_delivery_episode_cds;cds_v6-2_type_170_-_admitted_patient_care_-_detained_and_or_long_term_psychiatric_census_cds;cds_v6-2_type_180_-_admitted_patient_care_-_unfinished_birth_episode_cds;cds_v6-2_type_190_-_admitted_patient_care_-_unfinished_general_episode_cds;cds_v6-2_type_200_-_admitted_patient_care_-_unfinished_delivery_episode_cds,1900-01-01T00:00:00.000000+00:00,,true,3,2026-09-12T21:50:58.303823+00:00,databot,,
125,nhs_dd_cds,ward_security_level,ward_security_level,WARD SECURITY LEVEL,WARD SECURITY LEVEL,,https://www.datadictionary.nhs.uk/data_elements/ward_security_level.html,cds_v6-2_type_120_-_admitted_patient_care_-_finished_birth_episode_cds;cds_v6-2_type_130_-_admitted_patient_care_-_finished_general_episode_cds;cds_v6-2_type_140_-_admitted_patient_care_-_finished_delivery_episode_cds;cds_v6-2_type_170_-_admitted_patient_care_-_detained_and_or_long_term_psychiatric_census_cds;cds_v6-2_type_180_-_admitted_patient_care_-_unfinished_birth_episode_cds;cds_v6-2_type_190_-_admitted_patient_care_-_unfinished_general_episode_cds;cds_v6-2_type_200_-_admitted_patient_care_-_unfinished_delivery_episode_cds;cds_v6-3_type_120_-_admitted_patient_care_-_finished_birth_episode_cds;cds_v6-3_type_130_-_admitted_patient_care_-_finished_general_episode_cds;cds_v6-3_type_140_-_admitted_patient_care_-_finished_delivery_episode_cds;cds_v6-3_type_180_-_admitted_patient_care_-_unfinished_birth_episode_cds;cds_v6-3_type_190_-_admitted_patient_care_-_unfinished_general_episode_cds;cds_v6-3_type_200_-_admitted_patient_care_-_unfinished_delivery_episode_cds,1900-01-01T00:00:00.000000+00:00,,true,3,2026-09-12T21:50:58.303823+00:00,databot,,
126,nhs_dd_cds,withheld_identity_reason,withheld_identity_reason,WITHHELD IDENTITY REASON,WITHHELD IDENTITY REASON,,https://www.datadictionary.nhs.uk/data_elements/withheld_identity_reason.html,cds_v6-2-3_type_011_-_emergency_care_cds;cds_v6-2_type_020_-_outpatient_cds;cds_v6-2_type_021_-_future_outpatient_cds;cds_v6-2_type_030_-_elective_admission_list_-_end_of_period_census_standard_cds;cds_v6-2_type_050_-_elective_admission_list_-_end_of_period_census_new_cds;cds_v6-2_type_060_-_elective_admission_list_-_event_during_period_add_cds;cds_v6-2_type_110_-_elective_admission_list_-_event_during_period_new_service_agreement_cds;cds_v6-2_type_120_-_admitted_patient_care_-_finished_birth_episode_cds;cds_v6-2_type_130_-_admitted_patient_care_-_finished_general_episode_cds;cds_v6-2_type_140_-_admitted_patient_care_-_finished_delivery_episode_cds;cds_v6-2_type_150_-_admitted_patient_care_-_other_birth_event_cds;cds_v6-2_type_160_-_admitted_patient_care_-_other_delivery_event_cds;cds_v6-2_type_170_-_admitted_patient_care_-_detained_and_or_long_term_psychiatric_census_cds;cds_v6-2_type_180_-_admitted_patient_care_-_unfinished_birth_episode_cds;cds_v6-2_type_190_-_admitted_patient_care_-_unfinished_general_episode_cds;cds_v6-2_type_200_-_admitted_patient_care_-_unfinished_delivery_episode_cds;cds_v6-3_type_020_-_outpatient_cds;cds_v6-3_type_120_-_admitted_patient_care_-_finished_birth_episode_cds;cds_v6-3_type_130_-_admitted_patient_care_-_finished_general_episode_cds;cds_v6-3_type_140_-_admitted_patient_care_-_finished_delivery_episode_cds;cds_v6-3_type_150_-_admitted_patient_care_-_other_birth_event_cds;cds_v6-3_type_160_-_admitted_patient_care_-_other_delivery_event_cds;cds_v6-3_type_180_-_admitted_patient_care_-_unfinished_birth_episode_cds;cds_v6-3_type_190_-_admitted_patient_care_-_unfinished_general_episode_cds;cds_v6-3_type_200_-_admitted_patient_care_-_unfinished_delivery_episode_cds,1900-01-01T00:00:00.000000+00:00,,true,3,2026-09-12T21:50:58.303823+00:00,databot,,
